<?xml version="1.0" encoding="UTF-8"?>
<mule xmlns:json="http://www.mulesoft.org/schema/mule/json"
	xmlns:context="http://www.springframework.org/schema/context"
	xmlns:tracking="http://www.mulesoft.org/schema/mule/ee/tracking"
	xmlns:doc="http://www.mulesoft.org/schema/mule/documentation" xmlns="http://www.mulesoft.org/schema/mule/core"
	xmlns:apikit="http://www.mulesoft.org/schema/mule/apikit" xmlns:http="http://www.mulesoft.org/schema/mule/http"
	xmlns:servlet="http://www.mulesoft.org/schema/mule/servlet"
	  xmlns:spring="http://www.springframework.org/schema/beans" xmlns:xsi="http://www.w3.org/2001/XMLSchema-instance"
	  xmlns:kafka="http://www.mulesoft.org/schema/mule/kafka"
	xsi:schemaLocation="http://www.mulesoft.org/schema/mule/json http://www.mulesoft.org/schema/mule/json/current/mule-json.xsd
http://www.springframework.org/schema/context http://www.springframework.org/schema/context/spring-context-current.xsd
http://www.mulesoft.org/schema/mule/core http://www.mulesoft.org/schema/mule/core/current/mule.xsd
http://www.mulesoft.org/schema/mule/http http://www.mulesoft.org/schema/mule/http/current/mule-http.xsd
http://www.mulesoft.org/schema/mule/apikit http://www.mulesoft.org/schema/mule/apikit/current/mule-apikit.xsd
http://www.springframework.org/schema/beans http://www.springframework.org/schema/beans/spring-beans-3.1.xsd
http://www.mulesoft.org/schema/mule/ee/tracking http://www.mulesoft.org/schema/mule/ee/tracking/current/mule-tracking-ee.xsd
http://www.mulesoft.org/schema/mule/servlet http://www.mulesoft.org/schema/mule/servlet/current/mule-servlet.xsd">

	<context:property-placeholder properties-ref="SCBOcrNlpMuleCloudConfigProperties" />
	<configuration defaultResponseTimeout="3600000" defaultTransactionTimeout="3600000" doc:name="Configuration">
        <expression-language>
            <import class="com.scb.ms.communication.SCBCommObj"/>
            <import class="com.scb.ms.communication.SCBSection"/>
            <import class="com.scb.core.validation.SCBValidationErrorResult"/>
            <import class="com.scb.core.validation.SCBValidationInfoResult"/>
             <import class="com.scb.core.common.util.CommObjSerializationUtil"/>
            <global-functions file="otpbulk-api-utils.mel"/>
        </expression-language>
    </configuration>
    
	<http:listener-config name="httpListenerConfig"	host="0.0.0.0" port="${server.port}" doc:name="HTTP Listener Configuration"/>
	
	<http:connector name="HttpNoSessionConnector" doc:name="HTTP-HTTPS">
		<service-overrides sessionHandler="org.mule.session.NullSessionHandler" />
	</http:connector>
	
	<object-to-string-transformer name="ObjectToString"	doc:name="Object to String" />
    <json:json-to-object-transformer  name="JSONToObject" doc:name="JSON to Object"/>
    
    <custom-transformer name="CommObjToJson" class="com.scb.ms.mule.transformer.SCBOcrNlpCommObjToJsonTransformer" doc:name="Java"/>
    <custom-transformer name="JsonToCommObj" class="com.scb.ms.mule.transformer.SCBOcrNlpJsonToCommObjTransformer" doc:name="Java"/>
    <custom-transformer name="ErrorResponseTransformer" class="com.scb.ms.mule.transformer.SCBOcrNlpGenericErrorResponse" doc:name="Java"/>
    
	<apikit:mapping-exception-strategy
		name="apiKitGlobalExceptionMapping">
		<apikit:mapping statusCode="404">
			<apikit:exception value="org.mule.module.apikit.exception.NotFoundException" />
			<set-property propertyName="Content-Type" value="application/json"
				doc:name="Property" />
			<set-payload value="{ &quot;message&quot;: &quot;Resource not found&quot; }"
				doc:name="Set Payload" />
		</apikit:mapping>
		<apikit:mapping statusCode="405">
			<apikit:exception value="org.mule.module.apikit.exception.MethodNotAllowedException" />
			<set-property propertyName="Content-Type" value="application/json"
				doc:name="Property" />
			<set-payload value="{ &quot;message&quot;: &quot;Method not allowed&quot; }"
				doc:name="Set Payload" />
		</apikit:mapping>
		<apikit:mapping statusCode="415">
			<apikit:exception value="org.mule.module.apikit.exception.UnsupportedMediaTypeException" />
			<set-property propertyName="Content-Type" value="application/json"
				doc:name="Property" />
			<set-payload value="{ &quot;message&quot;: &quot;Unsupported media type&quot; }"
				doc:name="Set Payload" />
		</apikit:mapping>
		<apikit:mapping statusCode="406">
			<apikit:exception value="org.mule.module.apikit.exception.NotAcceptableException" />
			<set-property propertyName="Content-Type" value="application/json"
				doc:name="Property" />
			<set-payload value="{ &quot;message&quot;: &quot;Not acceptable&quot; }"
				doc:name="Set Payload" />
		</apikit:mapping>
		<apikit:mapping statusCode="400">
			<apikit:exception value="org.mule.module.apikit.exception.BadRequestException" />
			<set-property propertyName="Content-Type" value="application/json"
				doc:name="Property" />
			<set-payload value="{ &quot;message&quot;: &quot;Bad request&quot; }"
				doc:name="Set Payload" />
		</apikit:mapping>
		<apikit:mapping statusCode="500">
			<apikit:exception value="org.mule.api.MessagingException" />
			<set-property propertyName="Content-Type" value="application/json"
				doc:name="Property" />
			<set-payload value="{ &quot;message&quot;: &quot;Internal Server Error&quot; }"
				doc:name="Set Payload" />
		</apikit:mapping>
	</apikit:mapping-exception-strategy>

    <sub-flow name="sendErrorResponse">
      <set-payload value="#[flowVars['origPayload']]" doc:name="Set Payload"/>
      <transformer ref="ErrorResponseTransformer" doc:name="Error Response Transformer" />
      <gzip-compress-transformer />
      <logger level="INFO" message="Sending error response Payload" doc:name="Logger"/>
    </sub-flow>

    <sub-flow name="sendUnCompressErrorResponse">
      <set-payload value="#[flowVars['origPayload']]" doc:name="Set Payload"/>
      <transformer ref="ErrorResponseTransformer" doc:name="Error Response Transformer" />
      <logger level="INFO" message="Sending error response Payload" doc:name="Logger"/>
    </sub-flow>
        
    <sub-flow name="getOriginalPayload">
      <choice doc:name="Choice">
			<when expression="#[flowVars['origPayload'] == null]">
  			   <logger message="setting Original Payload..." level="INFO" doc:name="Logger" />
 	 			<set-variable variableName="origPayload" value="#[payload]" doc:name="Variable"/>
			</when>
			<otherwise>
				<logger message="not setting origPayload as it was already set..." level="INFO" doc:name="Logger" />
			</otherwise>
		</choice>			
    </sub-flow>
    
    
    <sub-flow name="getServerInstance">
      <set-variable variableName="activeEnv" value="${spring.profiles.active}" doc:name="Variable"/>
      <component class="com.scb.ms.mule.service.SCBServiceDiscoveryLookup" doc:name="ServiceDiscoveryLookup" />
      <logger message="eurekaEnabled::#[flowVars['eurekaEnable']] for EurekaId::#[flowVars['eurekaId']] - using host::#[flowVars['msHost']], port::#[flowVars['msPort']]" level="INFO" doc:name="Logger" />
    </sub-flow>

	<sub-flow name="compressBytePayload">
	    <byte-array-to-string-transformer doc:name = "Byte Array to String" />
		<flow-ref name="compressPayload" doc:name="Compress payload"/>
	</sub-flow>       
   
   	<sub-flow name="compressPayload">
		<logger message="Before compression size is #[String.format('%.2f', Integer.parseInt(payload.length())/1024)] KB" level="INFO" doc:name="Logger" />
		<gzip-compress-transformer />
		<logger message="After compression size is #[String.format('%.2f', Integer.parseInt(payload.size())/1024)] KB" level="INFO" doc:name="Logger" />
	</sub-flow>  
   
   	<sub-flow name="compressPayloadFlow">
		<gzip-compress-transformer />
	</sub-flow>   
	    		
	<sub-flow name="decompressPayload">
	<byte-array-to-string-transformer doc:name = "Byte Array to String" />
		<logger message="Before decompression size is #[String.format('%.2f', Integer.parseInt(payload.length())/1024)] KB" level="INFO" doc:name="Logger" />
		<gzip-uncompress-transformer />
		<logger message="After decompression size is #[String.format('%.2f', Integer.parseInt(payload.size())/1024)] KB" level="INFO" doc:name="Logger" />
	</sub-flow>       

	<flow name="/info">
		<http:listener config-ref="httpListenerConfig" path="/info" doc:name="HTTP info" />
		<set-payload value="{&quot;app&quot;:{&quot;name&quot;:&quot;${info.app.name}&quot;,&quot;description&quot;:&quot;${info.app.description}&quot;,&quot;version&quot;:&quot;${info.app.version}&quot;}}" doc:name="Set Payload"/>
	</flow>

</mule>