<?xml version="1.0" encoding="UTF-8"?>
<mule
    xmlns:doc="http://www.mulesoft.org/schema/mule/documentation"
    xmlns:objectstore="http://www.mulesoft.org/schema/mule/objectstore"
    xmlns="http://www.mulesoft.org/schema/mule/core"
    xmlns:apikit="http://www.mulesoft.org/schema/mule/apikit"
    xmlns:http="http://www.mulesoft.org/schema/mule/http"
    xmlns:spring="http://www.springframework.org/schema/beans"
    xmlns:context="http://www.springframework.org/schema/context"
    xmlns:json="http://www.mulesoft.org/schema/mule/json"
    xmlns:xsi="http://www.w3.org/2001/XMLSchema-instance"
    xmlns:vm="http://www.mulesoft.org/schema/mule/vm"
	xsi:schemaLocation="http://www.mulesoft.org/schema/mule/core http://www.mulesoft.org/schema/mule/core/current/mule.xsd
	http://www.mulesoft.org/schema/mule/objectstore http://www.mulesoft.org/schema/mule/objectstore/current/mule-objectstore.xsd
	http://www.mulesoft.org/schema/mule/http http://www.mulesoft.org/schema/mule/http/current/mule-http.xsd
	http://www.mulesoft.org/schema/mule/json http://www.mulesoft.org/schema/mule/json/current/mule-json.xsd
	http://www.springframework.org/schema/context http://www.springframework.org/schema/context/spring-context-current.xsd
	http://www.mulesoft.org/schema/mule/apikit http://www.mulesoft.org/schema/mule/apikit/current/mule-apikit.xsd
	http://www.springframework.org/schema/beans http://www.springframework.org/schema/beans/spring-beans-3.1.xsd
	http://www.mulesoft.org/schema/mule/vm http://www.mulesoft.org/schema/mule/vm/current/mule-vm.xsd">
	
	
    <!-- BYPASS ENDPOINT TO TEST DATACAP FROM THE CONSOLE -->
    <flow name="post:/{countryCode}/readLayout:nlp-config">
        <logger level="INFO" message="Read Layout Console call Started***" doc:name="Logger" />
        <logger	message="befoe readLayoutflow async request  P:#[message.payloadAs(java.lang.String)]." level="INFO" doc:name="Logger" />
        <async doc:name="Async">
            <flow-ref name="readLayoutflow" doc:name="async-scopeForwardFlow"/>
        </async>
    </flow>
    
    
    <!-- ASYNCH CALL FOR PROCESSING OF DOCUMENT -->
    <flow name="readLayoutflow" processingStrategy="Forward_Flow_Proc_Strategy">
        <logger level="INFO" message="Read Layout Call Started***" doc:name="Logger" />
        <logger	message="readLayoutflow async request  P:#[message.payloadAs(java.lang.String)]." level="INFO" doc:name="Logger" />
        <set-variable variableName="wexCallStatus" value="INIT"/>
        <set-variable variableName="wexTemplateCallStatus" value="INIT"/>
        <set-variable variableName="forwardTdStageCallStatus" value="INIT"/>
        <set-variable variableName="forwardTdStatusCallStatus" value="INIT"/>
        <set-variable variableName="wexCallDataExtractStatus" value="INIT"/>
        <set-variable variableName="loggerDealId" value=""/>
        <set-variable variableName="eurekaId" value="TP-NLP-DATA-MS" doc:name="Variable"/>
		<flow-ref name="getServerInstance" doc:name="Server Instance Retrieval"/> 	
        <http:request config-ref="tp-nlp-msConfig" path="/#[flowVars.countryCode]/readLayout" method="POST" doc:name="HTTP_NLP_DEALS">
            <http:request-builder></http:request-builder>
            <http:success-status-code-validator
					values="200,201" />
        </http:request>
        <transformer ref="jsonToCommObj" doc:name="Json to java obj"/>
        <set-variable variableName="loggerDealId" value="#[payload.getBodySection('SCBOcrNlpWexPageInfo').getStringValue('dealId')]"/>
        <set-variable variableName="rescanDocNum" value="#[payload.getBodySection('SCBOcrNlpWexPageInfo').getStringValue('rescanDocNumber')]"/>
   		<logger level="INFO" message="#[flowVars.loggerDealId] - Rescan Doc Number #[flowVars.rescanDocNum]" doc:name="Logger" />
        <logger level="INFO" message="#[flowVars.totalPageCount] - totalPageCount #[flowVars.totalPageCount]" doc:name="Logger" />
        <logger level="INFO" message="#[flowVars.loggerDealId] - Read Layout Call successful***" doc:name="Logger" />
		
		<custom-transformer name="SCBApplyNlpTransformer" class="com.scb.ms.mule.transformer.SCBOcrNlpApplyNlpTransformer" doc:name="HTTP_NLP_WEX" />
        <set-property propertyName="Content-Type" value="application/json" />
        <set-variable variableName="eurekaId" value="TP-NLP-DATA-MS" doc:name="Variable"/>
		<flow-ref name="getServerInstance" doc:name="Server Instance Retrieval"/> 	
        <http:request config-ref="tp-nlp-msConfig" path="/#[flowVars.countryCode]/applyNlp" method="POST" doc:name="HTTP_NLP_DEALS" >
            <http:request-builder></http:request-builder>
            <http:success-status-code-validator
					values="200,201" />
        </http:request>
                
         <logger level="INFO" message="#[flowVars.loggerDealId] - Apply NLP return Call successful***" doc:name="Logger" />
        <logger	message="#[flowVars.loggerDealId] - Apply NLP Response  P:#[message.payloadAs(java.lang.String)]." level="INFO" doc:name="Logger" />
		
		<transformer ref="jsonToCommObj" doc:name="Json to java obj"/>
		<logger level="INFO" message="#[flowVars.loggerDealId] - Data Extraction Status Flag : #[payload.getBodySection('SCBOcrNlpTemplate').getStringValue('dataExtractionStatus')]" doc:name="Logger" />
		<logger level="INFO" message="#[flowVars.loggerDealId] - Data Extraction functionality Start***" doc:name="Logger" />
		<choice doc:name="DataExtraction Application Status check ">		
			<when expression="#[payload.getBodySection('SCBOcrNlpTemplate').getStringValue('dataExtractionStatus')=='Y']">		
				<flow-ref name="applydataExtraction" />
			</when>
			<when expression="#[payload.getBodySection('SCBOcrNlpTemplate').getStringValue('dataExtractionStatus')=='N']">		
				<logger level="INFO" message="#[flowVars.loggerDealId] - Data Extraction Status Flag : N" doc:name="Logger" />
                 <transformer ref="commObjToJson" doc:name="java obj to json"/>
			</when>
			 <otherwise>
                        <logger level="INFO" message="#[flowVars.loggerDealId] - Data Extraction Not called****" doc:name="Logger" />
             </otherwise>

		</choice>
		<logger level="INFO" message="#[flowVars.loggerDealId] - Data Extraction functionality End***" doc:name="Logger" />
		
		<transformer ref="jsonToCommObj" doc:name="Json to java obj"/> 
        <logger level="INFO" message="#[flowVars.loggerDealId] - Status Flag : #[payload.getBodySection('SCBOcrNlpTemplate').getStringValue('statusFlag')]" doc:name="Logger" />
        <set-variable variableName="statusFlag" value="#[payload.getBodySection('SCBOcrNlpTemplate').getStringValue('statusFlag')]"/>
        <choice doc:name="Forward End sytem flow check ">
            <when expression="#[payload.getBodySection('SCBOcrNlpTemplate').getStringValue('statusFlag')=='Y' ]">
                <logger level="INFO" message="#[flowVars.loggerDealId] - Completed applyNlp call successfully"/>
                <set-variable variableName="tdApplicationReferenceId" value="#[payload.getBodySection('SCBOcrNlpTemplate').getStringValue('tdApplicationReferenceId')]"/>
                <set-variable variableName="regTimeMsStr" value="#[payload.getBodySection('SCBOcrNlpTemplate').getStringValue('regTimeMsStr')]"/>
                <set-variable variableName="digitizerStatus" value="#[payload.getBodySection('SCBOcrNlpTemplate').getStringValue('digitizerStatus')]"/>
                <set-variable variableName="customerid" value="#[payload.getBodySection('SCBOcrNlpTemplate').getStringValue('clientId')]"/>
                <set-variable variableName="productId" value="#[payload.getBodySection('SCBOcrNlpTemplate').getStringValue('productId')]"/>
                <set-variable variableName="countrycode" value="#[payload.getBodySection('SCBOcrNlpTemplate').getStringValue('countryCode')]"/>
                <set-variable variableName="dealid" value="#[payload.getBodySection('SCBOcrNlpTemplate').getStringValue('dealId')]"/>
                <set-variable variableName="stepId" value="#[payload.getBodySection('SCBOcrNlpTemplate').getStringValue('stepId')]"/>
                <set-variable variableName="regTimeStamp" value="#[payload.getBodySection('SCBOcrNlpTemplate').getStringValue('regTimeStamp')]"/>
                <set-variable variableName="systemCode" value="#[payload.getBodySection('SCBOcrNlpTemplate').getStringValue('systemCode')]"/>
                <set-variable variableName="tdTxnStageCode" value="#[payload.getBodySection('SCBOcrNlpTemplate').getStringValue('tdTxnStageCode')]"/>
                <set-variable variableName="requestType" value="#[payload.getBodySection('SCBOcrNlpTemplate').getStringValue('tdRequestTye')]"/>
                <set-variable variableName="requestStatus" value="#[payload.getBodySection('SCBOcrNlpTemplate').getStringValue('tdRequestStatus')]"/>
                <set-variable variableName="enableIcon" value="#[payload.getBodySection('SCBOcrNlpTemplate').getStringValue('tdEnableIcon')]"/>
                <set-variable variableName="releaseTxnLock" value="#[payload.getBodySection('SCBOcrNlpTemplate').getStringValue('tdReleaseLock')]"/>
                <set-variable variableName="dtpBatchWindow" value="#[payload.getBodySection('SCBOcrNlpTemplate').getStringValue('dtpBatchWindow')]"/>
                
                <transformer ref="commObjToJson" doc:name="java obj to json"/>
                
                
                <flow-ref name="applyTemplateFlow" />
                <set-variable variableName="flowType" value="FORWARD" />
                <custom-transformer name="ForwardTDStatusMvmtTransformer" class="com.scb.ms.mule.transformer.SCBOcrNlpTDStatusMvmntTransformer" doc:name="HTTP_NLP_DEALS" />
                <set-variable variableName="tdForwardFlowStartTime" value="#[server.dateTime.format('dd-MMM-yyyy HH:mm:ss')]" />
                <flow-ref name="tdstatusmvmtflow" />
                <choice doc:name="PENDING only check ">
                    <when expression="#[flowVars.digitizerStatus =='PENDING' &amp;&amp;  flowVars.rescanDocNum =='0' ]">
                        <logger level="INFO" message="#[flowVars.loggerDealId] - Forward Flow StageMovement Called****" doc:name="Logger" />
                        <custom-transformer name="forwardTDStageMvmtTransformer" class="com.scb.ms.mule.transformer.SCBOcrNlpTDStageMvmntTransformer" doc:name="HTTP_NLP_DEALS" />
                        <flow-ref name="tdstagemovmntflow" />
                    </when>
                    <when expression="#[flowVars.digitizerStatus =='BATCH' &amp;&amp;  flowVars.rescanDocNum =='0' ]">
                        <logger level="INFO" message="#[flowVars.loggerDealId] - Forward Flow StageMovement Called for forward Batch****" doc:name="Logger" />
                        <custom-transformer name="forwardTDStageBatchMvmtTransformer" class="com.scb.ms.mule.transformer.SCBOcrNlpTDStageMvmntTransformer" doc:name="HTTP_NLP_DEALS" />
                        <flow-ref name="tdstagemovmntflow" />
                    </when>
                    <otherwise>
                        <logger level="INFO" message="#[flowVars.loggerDealId] - Forward Flow StageMovement Not called****" doc:name="Logger" />
                    </otherwise>
                </choice>
                <set-variable variableName="tdForwardFlowEndTime" value="#[server.dateTime.format('dd-MMM-yyyy HH:mm:ss')]" />
                <logger level="INFO" message="#[flowVars.loggerDealId] - Forward Flow DTP system Check #[flowVars.systemCode]" doc:name="Logger" />
                <choice doc:name="DTP only check ">
                    <when expression="#[flowVars['systemCode']=='DTP' &amp;&amp; !(flowVars['stepId'] contains 'ISS') ]">
                        <logger level="INFO" message="#[flowVars.loggerDealId] - DTP Deal Confirmed***" doc:name="Logger" />
                        <set-payload  mimeType="application/json" encoding="UTF-8"
			      					value="{ &quot;countrycode&quot; : &quot;#[flowVars['countrycode']]&quot; ,
			      							 &quot;customerid&quot; : &quot;#[flowVars['customerid']]&quot; ,
			      							 &quot;regtimestamp&quot; : &quot;#[flowVars['regTimeStamp']]&quot; ,
			      							 &quot;tdApplicationReferenceId&quot; : &quot;#[flowVars['tdApplicationReferenceId']]&quot; ,
			      							 &quot;productId&quot; : &quot;#[flowVars['productId']]&quot; ,
			      							 &quot;stepId&quot; : &quot;#[flowVars['stepId']]&quot; ,
			      							 &quot;flowType&quot; : &quot;#[flowVars['flowType']]&quot; ,
			      							 &quot;dtpBatchWindow&quot; : &quot;#[flowVars['dtpBatchWindow']]&quot; ,
			      						 	 &quot;dealid&quot; : &quot;#[flowVars['dealid']]&quot; }" />
                        <logger level="INFO" message="#[flowVars.loggerDealId] - DTP Payload #[message.payloadAs(java.lang.String)] " doc:name="Logger" />
                        <flow-ref name="dtpfetchOldParties" />
                    </when>
                    <otherwise>
                    	<set-variable variableName="forwardTpCallStatus" value="NAPP"/>
                        <logger message="#[flowVars.loggerDealId] - OTP or DTP ISS Product No need to Fetch Records" level="INFO" doc:name="Logger"/>
                    </otherwise>
                </choice>
            </when>
            <otherwise>
                <logger message="#[flowVars.loggerDealId] - Forward Flow applyNlp Failed " level="INFO" doc:name="Logger"/>
                <transformer ref="commObjToJson" doc:name="java obj to json"/>
                <logger	message="#[flowVars.loggerDealId] - Error Response to UI  P:#[message.payloadAs(java.lang.String)]." level="INFO" doc:name="initiate nlp Logger:Post Req" />
            </otherwise>
        </choice>
        <set-variable variableName="finalforwardDealSuccessStatus" value="FSUCC" />
        <custom-transformer name="NLPForwardSuccDtpFinalTransformer" class="com.scb.ms.mule.transformer.SCBOcrNlpFinalDealUpdateTransformer" doc:name="HTTP_NLP_DEALS" />
        <flow-ref name="updatefinaldealflow"/>
        <logger message="#[flowVars.loggerDealId] - message #[message]" level="INFO" doc:name="Logger"/>
        <catch-exception-strategy doc:name="Forward Catch Exception Strategy">
            <logger message="#[flowVars.loggerDealId] - Failure in deal creation forward flow #[exception] - P:#[message.payloadAs(java.lang.String)]" level="ERROR" doc:name="Logger" />
            <set-variable variableName="finalforwardDealFailedStatus" value="FFAIL" />
            <custom-transformer name="NLPForwardFailDtpFinalTransformer" class="com.scb.ms.mule.transformer.SCBOcrNlpFinalDealUpdateTransformer" doc:name="HTTP_NLP_DEALS" />
            <flow-ref name="updatefinaldealflow"/>
        </catch-exception-strategy>
    </flow>
</mule>