<?xml version="1.0" encoding="UTF-8"?>
<mule xmlns:doc="http://www.mulesoft.org/schema/mule/documentation"
	xmlns:objectstore="http://www.mulesoft.org/schema/mule/objectstore" 
	xmlns="http://www.mulesoft.org/schema/mule/core" 
	xmlns:apikit="http://www.mulesoft.org/schema/mule/apikit" 
	xmlns:http="http://www.mulesoft.org/schema/mule/http" 
	xmlns:spring="http://www.springframework.org/schema/beans" 
	xmlns:context="http://www.springframework.org/schema/context"	
	xmlns:json="http://www.mulesoft.org/schema/mule/json"
	xmlns:xsi="http://www.w3.org/2001/XMLSchema-instance" 
	xmlns:vm="http://www.mulesoft.org/schema/mule/vm"
	xsi:schemaLocation="http://www.mulesoft.org/schema/mule/core http://www.mulesoft.org/schema/mule/core/current/mule.xsd
	http://www.mulesoft.org/schema/mule/objectstore http://www.mulesoft.org/schema/mule/objectstore/current/mule-objectstore.xsd
	http://www.mulesoft.org/schema/mule/http http://www.mulesoft.org/schema/mule/http/current/mule-http.xsd
	http://www.mulesoft.org/schema/mule/json http://www.mulesoft.org/schema/mule/json/current/mule-json.xsd
	http://www.springframework.org/schema/context http://www.springframework.org/schema/context/spring-context-current.xsd
	http://www.mulesoft.org/schema/mule/apikit http://www.mulesoft.org/schema/mule/apikit/current/mule-apikit.xsd
	http://www.springframework.org/schema/beans http://www.springframework.org/schema/beans/spring-beans-3.1.xsd
	http://www.mulesoft.org/schema/mule/vm http://www.mulesoft.org/schema/mule/vm/current/mule-vm.xsd">
	
	<!--  NLP AUTHENTICATED END POINTS STARTS -->
	
	<!-- DATACAP AUTHENTICATED INITIATION/SENDING OF DOCUMENT -->
	<flow name="post:/nlpauth/{countryCode}/initiatenlp:nlp-config" >
        <logger message="Entry endpoint post:/{countrycode}/initiatenlp:nlp-config. HTTP_ID:#[headers:INBOUND:*]" level="INFO" doc:name="Logger" />
        <!-- Begin Authorization filter -->
	  	<set-variable variableName="accessPriv" value="RW" doc:name="Variable" />
	  	<flow-ref name="auth-filter-subflow" doc:name="auth-filter-subflow"/>
	  	<!-- End Authorization filter -->
	  	
  		<set-variable variableName="loggerDealId" value=""/>
  		<set-variable variableName="fileOperationStatus" value="INIT"/>

       	<custom-transformer name="SCBAuthInitiateNLPTransformer" class="com.scb.ms.mule.transformer.SCBOcrNlpInitiateNLPTransformer" doc:name="HTTP_NLP_DEALS" />
       	<set-variable variableName="eurekaId" value="TP-NLP-DATA-MS" doc:name="Variable"/>
		<flow-ref name="getServerInstance" doc:name="Server Instance Retrieval"/> 
       	<http:request config-ref="tp-nlp-msConfig" path="/#[flowVars.countryCode]/initiatenlp" method="POST" doc:name="HTTP_NLP_DEALS">
         		<http:success-status-code-validator values="200,201"/>
       	</http:request>     
     	<custom-transformer name="SCBAuthReadLayoutNLPTransformer" class="com.scb.ms.mule.transformer.SCBOcrNlpReadLayoutNLPTransformer" doc:name="HTTP_NLP_DEALS" />
     	
     	<logger level="INFO" message="#[flowVars.loggerDealId] - Initiate NLP Starting Phase (Status) : #[flowVars.fileOperationStatus]" doc:name="Logger"/>

		<choice doc:name="File_update_check">
			<when expression="#[flowVars.fileOperationStatus == 'SUCC' ]">

				<async doc:name="Async">
					<flow-ref name="readLayoutflow" doc:name="async-scopeForwardFlow" />
				</async>
	
				<set-property propertyName="http.status" value="#[200]" doc:name="successReturn" />
				<set-payload value="{ &quot;status&quot; : &quot;SUCCESS&quot; }" mimeType="application/json" encoding="UTF-8" />
				<logger level="INFO" message="#[flowVars.loggerDealId] - Success in Posting message to the forward queue" doc:name="Logger" />
	
			</when>
			<otherwise>
				<set-property propertyName="http.status" value="#[500]" doc:name="failureReturn" />
				<set-payload value="{ &quot;status&quot; : &quot;FAILED&quot; }" mimeType="application/json" encoding="UTF-8" />
				<logger level="ERROR" message="#[flowVars.loggerDealId] - Failure in colating the Single files to main List" doc:name="Logger" />
			</otherwise>
		</choice>

		<catch-exception-strategy doc:name="Catch Exception Strategy">
		   <logger message="Failure in Layout persisting and calling asynchronously #[exception]" level="ERROR" doc:name="Logger" />
		   <set-property propertyName="http.status" value="#[500]" doc:name="failureReturn" />
		   <set-payload value="{ &quot;status&quot; : &quot;FAILED&quot; }" mimeType="application/json" encoding="UTF-8"/>
		</catch-exception-strategy>
   </flow>
   
   <!-- LOOPING LOGIC FOR HEAVY FILES -->
   <flow name="file_while_loop" processingStrategy = "synchronous">
   		<choice doc:name="File_Counter_Value_check">
            <when expression="#[flowVars.filePageCounter > 0 ]">
            	<set-variable variableName="singlePageFileId" value=""/>
            	<set-variable variableName="singlePageCountryCode" value=""/>
            	<set-variable variableName="singlePageDownloadable" value="FALSE"/>
            	
            	<set-variable variableName="singlePageOperationType" value="PRE-DOWNLOAD"/>
            	<custom-transformer name="SCBSinglePageNLPTransformerPreDownload" class="com.scb.ms.mule.transformer.SCBOcrNlpSinglePageNLPTransformer" doc:name="HTTP_NLP_DEALS" />
            	<logger level="INFO" message="#[flowVars.loggerDealId] : #[flowVars.filePageCounter] - #[flowVars.singlePageFileId] " doc:name="Logger" />
            	<logger level="INFO" message="#[flowVars.loggerDealId] : #[flowVars.filePageCounter] - #[flowVars.singlePageCountryCode] " doc:name="Logger" />
            	<logger level="INFO" message="#[flowVars.loggerDealId] : #[flowVars.filePageCounter] - #[flowVars.singlePageDownloadable] " doc:name="Logger" />
            	<choice doc:name="File_Counter_Value_check">
            		<when expression="#[flowVars.singlePageDownloadable == 'TRUE' ]">
		            	<flow-ref name="file_api_download" /> 
		            	
		            	<set-variable variableName="singlePageOperationType" value="POST-DOWNLOAD"/>
		            	<custom-transformer name="SCBSinglePageNLPTransformerPostDownload" class="com.scb.ms.mule.transformer.SCBOcrNlpSinglePageNLPTransformer" doc:name="HTTP_NLP_DEALS" />
		            	<flow-ref name="single_page_save" />
		            	
		            	<set-variable variableName="singlePageOperationType" value="POST-SAVE"/>
		            	<custom-transformer name="SCBSinglePageNLPTransformerPostSave" class="com.scb.ms.mule.transformer.SCBOcrNlpSinglePageNLPTransformer" doc:name="HTTP_NLP_DEALS" />
		            	<flow-ref name="file_api_delete" />
		            </when>
					<otherwise>
						<logger level="INFO" message="#[flowVars.loggerDealId] : #[flowVars.filePageCounter] - Actual file Present Hence No need to download from File " doc:name="Logger" />
					</otherwise>
				</choice>
				<!-- Decrease the counter and call the same flow again -->
                <set-variable variableName="filePageCounter" value="#[flowVars.filePageCounter - 1]" doc:name="file_Counter_deduction"/>
                <flow-ref name="file_while_loop" doc:name="while_loop"/>
            </when>
            <otherwise>
                <choice doc:name="File_Status_update">
            		<when expression="#[flowVars.fileOperationStatus == 'INIT' ]">
            			<set-variable variableName="fileOperationStatus" value="SUCC"/>
            			<logger message="#[flowVars.loggerDealId] :The loop Completed with Success" level="INFO" doc:name="File_loop_breaks"/>
            		</when>
            		<otherwise>
            			<logger message="#[flowVars.loggerDealId] :The loop Completed with Failure" level="INFO" doc:name="File_loop_breaks"/>
            		</otherwise>
            	</choice>
            </otherwise>
        </choice>
   </flow>
   
   <!-- SINGLE FILE DOWNLOAD FROM FILE API-->
   	<flow name="file_api_download" processingStrategy = "synchronous">
		<logger level="INFO" message="#[flowVars.loggerDealId] : #[flowVars.filePageCounter]- Fetch of Single Page File API Call call started***" doc:name="Logger" />
		<set-variable variableName="eurekaId" value="TP-FILE-API" doc:name="Variable"/>
		<flow-ref name="getServerInstance" doc:name="Server Instance Retrieval"/> 
		<until-successful maxRetries="${api.retry.attempts}" failureExpression="#[header:INBOUND:http.status == 500] || #[header:INBOUND:http.status == 502] " doc:name="Until Successful" millisBetweenRetries="${api.retry.waitperiod}" synchronous="true">
			<http:request config-ref="td-fileapi-config" path="/#[flowVars.singlePageFileId]" method="GET" doc:name="HTTP_NLP_DEALS">
				<http:request-builder>
					<http:header headerName="countryCode" value="#[flowVars.singlePageCountryCode]" /> 
	                <http:header headerName="type" value="file" />
				</http:request-builder>
				<http:success-status-code-validator
						values="200,201" />
			</http:request>
		</until-successful>
		<logger level="INFO" message="#[flowVars.loggerDealId] : #[flowVars.filePageCounter] - Single Page File download Response - P:#[message.payloadAs(java.lang.String)]"  doc:name="Logger" />
		<catch-exception-strategy doc:name="File api fetch call Catch Exception Strategy">
		   <logger level="ERROR" message="#[flowVars.loggerDealId] : #[flowVars.filePageCounter] - Failure in Single Page File download #[exception] - P:#[message.payloadAs(java.lang.String)]" doc:name="Logger" />
		   <set-variable variableName="fileOperationStatus" value="FAIL"/>
		</catch-exception-strategy>
	</flow>
	
	<!-- SINGLE FILE PUSH TO MICROSERVICE -->
	<flow name="single_page_save" processingStrategy = "synchronous">
		<logger level="INFO" message="#[flowVars.loggerDealId] : #[flowVars.filePageCounter] - Saving of Single Page MS Call call started***" doc:name="Logger" />
		
		<set-property propertyName="Content-Type" value="application/json" />
		<set-variable variableName="eurekaId" value="TP-NLP-DATA-MS" doc:name="Variable"/>
		<flow-ref name="getServerInstance" doc:name="Server Instance Retrieval"/> 
		<http:request config-ref="tp-nlp-msConfig" path="/#[flowVars.singlePageCountryCode]/initiatenlpenrichlayout" method="POST" doc:name="HTTP_NLP_DEALS">
			<http:success-status-code-validator values="200,201" />
		</http:request>
		<logger level="INFO" message="#[flowVars.loggerDealId] : #[flowVars.filePageCounter] - Single Page File Save Successful"  doc:name="Logger" />
		<catch-exception-strategy doc:name="File save call Catch Exception Strategy">
		   <logger level="ERROR" message="#[flowVars.loggerDealId] : #[flowVars.filePageCounter] - Failure in Single Page File Save #[exception] " doc:name="Logger" />
		   <set-variable variableName="fileOperationStatus" value="FAIL"/>
		</catch-exception-strategy>
	</flow>
	
	<!-- SINGLE FILE DELETE FROM FILE API -->
	<flow name="file_api_delete" processingStrategy = "synchronous">
		<logger level="INFO" message="#[flowVars.loggerDealId] : #[flowVars.filePageCounter] - Delete of Single Page File API Call call started***" doc:name="Logger" />
		<set-variable variableName="eurekaId" value="TP-FILE-API" doc:name="Variable"/>
		<flow-ref name="getServerInstance" doc:name="Server Instance Retrieval"/> 
		<until-successful maxRetries="${api.retry.attempts}" failureExpression="#[header:INBOUND:http.status == 500] || #[header:INBOUND:http.status == 502] " doc:name="Until Successful" millisBetweenRetries="${api.retry.waitperiod}" synchronous="true">
			<http:request config-ref="td-fileapi-config" path="/#[flowVars.singlePageFileId]" method="DELETE" doc:name="HTTP_NLP_DEALS">
				<http:request-builder>
				</http:request-builder>
				<http:success-status-code-validator
						values="200,201" />
			</http:request>
		</until-successful>
		<logger level="INFO" message="#[flowVars.loggerDealId] : #[flowVars.filePageCounter] - Single Page File delete Successful "  doc:name="Logger" />
		<catch-exception-strategy doc:name="File api delete call Catch Exception Strategy">
		   <logger level="ERROR" message="#[flowVars.loggerDealId] : #[flowVars.filePageCounter] - Failure in Single Page File save #[exception] " doc:name="Logger" />
		</catch-exception-strategy>
	</flow>
	
	<!-- DATACAP PRODUCT TYPE FETCH -->
   <flow name="get:/nlpauth/{countryCode}/getproducttype:nlp-config">
		<logger level="INFO" message="get deal product Type ***" />
		<!-- Begin Authorization filter -->
	  	<set-variable variableName="accessPriv" value="RW" doc:name="Variable" />
	  	<flow-ref name="auth-filter-subflow" doc:name="auth-filter-subflow"/>
	  	<!-- End Authorization filter -->
	  	<logger level="INFO" message="after auth-filter-subflow" />
		<set-variable variableName="eurekaId" value="TP-NLP-DATA-MS" doc:name="Variable"/>
		<flow-ref name="getServerInstance" doc:name="Server Instance Retrieval"/> 
		<http:request config-ref="tp-nlp-msConfig" path="/#[flowVars.countryCode]/getproducttype" method="GET" doc:name="HTTP_NLP_DEALS">
			<http:request-builder>
				<http:query-param paramName="dealId" value="#[message.inboundProperties.'http.query.params'.dealid]"/>
				<http:query-param paramName="systemCode" value="#[message.inboundProperties.'http.query.params'.systemcode]"/>
				<http:query-param paramName="regTimeStamp" value="#[message.inboundProperties.'http.query.params'.regtimestamp]"/>
				<http:query-param paramName="tdApplicationRef" value="#[message.inboundProperties.'http.query.params'.tdapplicationref]"/>
			</http:request-builder>
			<http:success-status-code-validator
					values="200,201" />
		</http:request>
		<custom-transformer name="ProductAuthTypeTransformer" class="com.scb.ms.mule.transformer.SCBOcrNlpProductTypeTransformer" doc:name="HTTP_NLP_DEALS" />
		<logger message="message #[message]" level="INFO" doc:name="Logger"/>
		<catch-exception-strategy doc:name="get product type Catch Exception Strategy">
		   <logger level="ERROR" message="Failure in get product type #[exception] " doc:name="Logger" />
		</catch-exception-strategy>
	</flow>
	
	<flow name="post:/{countryCode}/initiatenlp:nlp-config" >
        <logger message="Entry endpoint post:/{countrycode}/initiatenlp:nlp-config. HTTP_ID:#[headers:INBOUND:*]" level="INFO" doc:name="Logger" />
       	<custom-transformer name="SCBInitiateNLPTransformer" class="com.scb.ms.mule.transformer.SCBOcrNlpInitiateNLPTransformer" doc:name="HTTP_NLP_DEALS" />
       	<set-variable variableName="eurekaId" value="TP-NLP-DATA-MS" doc:name="Variable"/>
		<flow-ref name="getServerInstance" doc:name="Server Instance Retrieval"/> 
       	<http:request config-ref="tp-nlp-msConfig" path="/#[flowVars.countryCode]/initiatenlp" method="POST" doc:name="HTTP_NLP_DEALS">
         		<http:success-status-code-validator values="200,201"/>
       	</http:request>     
     	<custom-transformer name="SCBReadLayoutNLPTransformer" class="com.scb.ms.mule.transformer.SCBOcrNlpReadLayoutNLPTransformer" doc:name="HTTP_NLP_DEALS" />
     	
		<async doc:name="Async">
            <flow-ref name="readLayoutflow" doc:name="async-scopeForwardFlow"/>
        </async>

     	<set-property propertyName="http.status" value="#[200]" doc:name="successReturn" />
     	<set-payload value="{ &quot;status&quot; : &quot;SUCCESS&quot; }" mimeType="application/json" encoding="UTF-8"/>
     	<logger level="INFO" message="Success in Posting message to the forward queue" doc:name="Logger"/>
		<catch-exception-strategy doc:name="Catch Exception Strategy">
		   <logger message="Failure in Layout persisting and calling asynchronously #[exception]" level="ERROR" doc:name="Logger" />
		   <set-property propertyName="http.status" value="#[500]" doc:name="failureReturn" />
		   <set-payload value="{ &quot;status&quot; : &quot;FAILED&quot; }" mimeType="application/json" encoding="UTF-8"/>
		</catch-exception-strategy>
   </flow>
	
<!--  NLP AUTHENTICATED END POINTS ENDS -->	
	
		
</mule>