<?xml version="1.0" encoding="UTF-8"?>
<mule xmlns:doc="http://www.mulesoft.org/schema/mule/documentation"
	xmlns:objectstore="http://www.mulesoft.org/schema/mule/objectstore" 
	xmlns="http://www.mulesoft.org/schema/mule/core" 
	xmlns:apikit="http://www.mulesoft.org/schema/mule/apikit" 
	xmlns:http="http://www.mulesoft.org/schema/mule/http" 
	xmlns:spring="http://www.springframework.org/schema/beans" 
	xmlns:context="http://www.springframework.org/schema/context"	
	xmlns:json="http://www.mulesoft.org/schema/mule/json"
	xmlns:xsi="http://www.w3.org/2001/XMLSchema-instance" 
	xmlns:vm="http://www.mulesoft.org/schema/mule/vm"
	xsi:schemaLocation="http://www.mulesoft.org/schema/mule/core http://www.mulesoft.org/schema/mule/core/current/mule.xsd
	http://www.mulesoft.org/schema/mule/objectstore http://www.mulesoft.org/schema/mule/objectstore/current/mule-objectstore.xsd
	http://www.mulesoft.org/schema/mule/http http://www.mulesoft.org/schema/mule/http/current/mule-http.xsd
	http://www.mulesoft.org/schema/mule/json http://www.mulesoft.org/schema/mule/json/current/mule-json.xsd
	http://www.springframework.org/schema/context http://www.springframework.org/schema/context/spring-context-current.xsd
	http://www.mulesoft.org/schema/mule/apikit http://www.mulesoft.org/schema/mule/apikit/current/mule-apikit.xsd
	http://www.springframework.org/schema/beans http://www.springframework.org/schema/beans/spring-beans-3.1.xsd
	http://www.mulesoft.org/schema/mule/vm http://www.mulesoft.org/schema/mule/vm/current/mule-vm.xsd">
	
	
	<!-- GLOBAL CONFIGURATION STARTS -->

	<apikit:config name="nlp-config" raml="tp_ocrnlp_api.raml"
			consoleEnabled="true" consolePath="console" doc:name="Router" />			
	<configuration defaultResponseTimeout="3000000" />
	
	
	<queued-asynchronous-processing-strategy name="Forward_Flow_Proc_Strategy"
        maxThreads="${forwardflow.maxThreads}" maxBufferSize="${forwardflow.maxBufferSize}"  minThreads="${forwardflow.minThreads}"
         poolExhaustedAction="WAIT">    
       <default-in-memory-queue-store/> 
    </queued-asynchronous-processing-strategy>
	
	<queued-asynchronous-processing-strategy name="Feedback_Flow_Proc_Strategy"
        maxThreads="${feedbackflow.maxThreads}" maxBufferSize="${feedbackflow.maxBufferSize}"  minThreads="${feedbackflow.minThreads}"
         poolExhaustedAction="WAIT">    
       <default-in-memory-queue-store/> 
    </queued-asynchronous-processing-strategy>
	
	<queued-asynchronous-processing-strategy name="Adhoc_dtpfetch_Flow_Proc_Strategy"
        maxThreads="${adhocdtpflow.maxThreads}" maxBufferSize="${adhocdtpflow.maxBufferSize}"  minThreads="${adhocdtpflow.minThreads}"
         poolExhaustedAction="WAIT">    
       <default-in-memory-queue-store/> 
    </queued-asynchronous-processing-strategy>
	
	<queued-asynchronous-processing-strategy name="Batch_dtp_Flow_Proc_Strategy"
        maxThreads="${batchdtpflow.maxThreads}" maxBufferSize="${batchdtpflow.maxBufferSize}"  minThreads="${batchdtpflow.minThreads}"
         poolExhaustedAction="WAIT">    
       <default-in-memory-queue-store/> 
    </queued-asynchronous-processing-strategy>
    
    <!-- GLOBAL CONFIGURATION ENDS -->
	
	<!-- ROUTER CONFIGURATION STARTS -->
	<!-- NLP ROUTER -->
	<http:request-config name="tp-nlp-msConfig" host="#[flowVars['msHost']]" port="#[flowVars['msPort']]"  basePath="${nlp.api.base.path}" />
						 
    <!-- TP EXTERNAL SYSTEM ROUTER -->					 
	<http:request-config name="tp-external-msConfig" host="${external.api.host}"
						 port="${external.api.port}" basePath="${external.api.base.path}" />
						 
    <!-- WEX SYSTEM ROUTER -->
    <http:request-config name="tp-wex-config" host="${wex.api.host}"
						 port="${wex.api.port}" basePath="${wex.api.base.path}" />
						 
	<!-- UTIL ROUTER -->
	<http:request-config name="tp-util-msConfig" host="${util.api.host}"
						 port="${util.api.port}" basePath="${util.api.base.path}" />
						 
	<!-- DATACAP CREDENTIAL ROUTER -->
	<http:request-config name="tp-datacap-msConfig" host="${datacap.api.host}"
						 port="${datacap.api.port}" basePath="${datacap.api.base.path}" />	
						 
	<!-- FILE API ROUTER -->
	<http:request-config name="td-fileapi-config" host="#[flowVars['msHost']]" port="#[flowVars['msPort']]"  basePath="${file.api.base.path}" />							 				 
    <!-- ROUTER CONFIGURATION ENDS -->
	
	<!-- TOKEN GENERATION CONFIGURATION STARTS  -->
	<http:request-config name="HTTP_TokenAPI_Configuration"
		basePath="/" host="${auth.host}" port="${auth.port}" doc:name="HTTP_TokenAPII_Configuration"
		connectionIdleTimeout="60000" responseTimeout="60000" />
		
	<spring:beans>
		<spring:bean id="myListableObjectStore" class="org.mule.util.store.SimpleMemoryObjectStore" />
	</spring:beans>
	
    <objectstore:config name="ObjectStore" objectStore-ref="myListableObjectStore" persistent="false" doc:name="ObjectStore"/> 
    
	<flow name="getOauthToken">
		<poll doc:name="Poll">
			<fixed-frequency-scheduler frequency="1"
				timeUnit="HOURS" startDelay="0" />
			<logger level="INFO" doc:name="Start" message="Fetching a new access token from util api: ${auth.host} : ${auth.port}" />
		</poll>

		<http:request config-ref="HTTP_TokenAPI_Configuration" path="scb/api/v1/utility/clientauth/token" method="GET" doc:name="REST API">
			<http:request-builder>
				<http:header headerName="clientId" value="${auth.clientid}" />
				<http:header headerName="secret" value="${auth.secret}" />
			</http:request-builder>
			<http:success-status-code-validator
				values="200,201,202" />
		</http:request>
		
		<json:json-to-object-transformer
			returnClass="java.util.HashMap" doc:name="JSON to Object" />

		<set-variable variableName="accessToken"
			value="#[message.payload.accessToken]" doc:name="Save Request" />

		<objectstore:remove key="technicalToken"
			config-ref="ObjectStore" ignoreNotExists="true" doc:name="Remove if exists" />
		<logger message="Access token removed in object store" level="INFO" doc:name="Logger" />

		<objectstore:store config-ref="ObjectStore" key="technicalToken"
			value-ref="#[flowVars['accessToken']]" doc:name="Store new value" />
		<logger message="New Access token Saved in object store" level="INFO" doc:name="Logger" />
	</flow>
	
    <!-- TOKEN GENERATION CONFIGURATION ENDS  -->
	
	<!-- AUTHORIZATION CONFIGURATION STARTS -->

	<!-- Singleton instance of Authentication filter -->
    <spring:bean name="authFilter" class="com.scb.auth.filter.AuthenticationFilter">
      <spring:property name="secret" value="${scb.auth.secret}" />
    </spring:bean>
  
    <!-- Authorization filter subflow-->
    <sub-flow name="auth-filter-subflow">
         <logger message="Entry flow auth-filter-subflow" level="INFO" />
        
         <logger message="Path : #[message.inboundProperties.'http.request.path']" level="INFO" />
        
         <set-variable variableName="endpoint" value="#[message.inboundProperties.'http.request.path']" doc:name="endpoint-Variable" />
         <set-variable variableName="authEnabled" value="${scb.auth.enabled}" doc:name="authEnabled-Variable" />
   
       <choice doc:name="Choice">
         <when expression="#[flowVars.authEnabled == true ]">
            <invoke object-ref="authFilter"
               method="authorize"
               methodArguments="#[message.inboundProperties.'Authorization'], #[flowVars.endpoint], #[flowVars.accessPriv]"
               methodArgumentTypes="java.lang.String,java.lang.String,java.lang.String"
               doc:name="Authorize"/>
         </when>
         <otherwise>
             <logger message="Authorization Filter is disabled" level="INFO" doc:name="Logger"/>
         </otherwise>      
       </choice>       
                
        <logger message="Exit flow auth-filter-subflow" level="INFO" />
                 
    </sub-flow>
    <!-- AUTHORIZATION CONFIGURATION ENDS -->
	
	
	<!--  GENERIC CONFIGURATION STARTS -->
	<json:json-to-object-transformer name="jsonToCommObj"
		returnClass="com.scb.ms.communication.SCBCommObj" doc:name="JSON to Object" />		
	<json:object-to-json-transformer name="commObjToJson"
		sourceClass="com.scb.ms.communication.SCBCommObj" doc:name="Object to JSON" />
    <!--  GENERIC CONFIGURATION ENDS -->

    <!--  GLOBAL NLP ROUTING & EXCEPTION HANDLING STARTS  -->		
    <flow name="nlp-main">
		<http:listener config-ref="httpListenerConfig" path="/scb/api/v1/nlp/*" doc:name="HTTP" />
		<apikit:router config-ref="nlp-config" doc:name="APIkit Router" />
		<exception-strategy ref="apiKitGlobalExceptionMapping" doc:name="Reference Exception Strategy" />
	</flow> 
	<!--  GLOBAL NLP ROUTING & EXCEPTION HANDLING ENDS  -->	
	
</mule>