<?xml version="1.0" encoding="UTF-8"?>
<mule xmlns:doc="http://www.mulesoft.org/schema/mule/documentation"
	xmlns:objectstore="http://www.mulesoft.org/schema/mule/objectstore" 
	xmlns="http://www.mulesoft.org/schema/mule/core" 
	xmlns:apikit="http://www.mulesoft.org/schema/mule/apikit" 
	xmlns:http="http://www.mulesoft.org/schema/mule/http" 
	xmlns:spring="http://www.springframework.org/schema/beans" 
	xmlns:context="http://www.springframework.org/schema/context"	
	xmlns:json="http://www.mulesoft.org/schema/mule/json"
	xmlns:xsi="http://www.w3.org/2001/XMLSchema-instance" 
	xmlns:vm="http://www.mulesoft.org/schema/mule/vm"
	xsi:schemaLocation="http://www.mulesoft.org/schema/mule/core http://www.mulesoft.org/schema/mule/core/current/mule.xsd
	http://www.mulesoft.org/schema/mule/objectstore http://www.mulesoft.org/schema/mule/objectstore/current/mule-objectstore.xsd
	http://www.mulesoft.org/schema/mule/http http://www.mulesoft.org/schema/mule/http/current/mule-http.xsd
	http://www.mulesoft.org/schema/mule/json http://www.mulesoft.org/schema/mule/json/current/mule-json.xsd
	http://www.springframework.org/schema/context http://www.springframework.org/schema/context/spring-context-current.xsd
	http://www.mulesoft.org/schema/mule/apikit http://www.mulesoft.org/schema/mule/apikit/current/mule-apikit.xsd
	http://www.springframework.org/schema/beans http://www.springframework.org/schema/beans/spring-beans-3.1.xsd
	http://www.mulesoft.org/schema/mule/vm http://www.mulesoft.org/schema/mule/vm/current/mule-vm.xsd">
	
	
	<!-- SUBMIT FLOW ENDPOINTS STARTS -->

	<!-- SUBMIT ACTION FROM UI -->
	<flow name="post:/{countryCode}/dealfinalSubmit:nlp-config" >
		<logger level="INFO" message="**** Start Deal final submit from UI Call *********" doc:name="Logger" />
		<set-variable variableName="callOriginatedFromUI" value="YES"/>
		<flow-ref name="localDealFinalSubmit" />
	</flow>
	
	<flow name="batchdtpdealFinalSubmitAsyncFlow" processingStrategy="Batch_dtp_Flow_Proc_Strategy">
		<logger level="INFO" message="**** Start Deal final submit from Batch Call *********" doc:name="Logger" />
		<set-variable variableName="callOriginatedFromUI" value="NO"/>
		<flow-ref name="localDealFinalSubmit" />
	</flow>
	<!--  ENTRY POINT FROM BOTH UI AND BATCH -->
	<flow name="localDealFinalSubmit" processingStrategy = "synchronous">
	   	<logger message="Final Submit Started***" level="INFO" doc:name="Logger" />
	   	<set-variable variableName="loggerDealId" value=""/>
	   	<set-variable variableName="precheckApplicable" value="NO"/>
	   	<set-variable variableName="dtpSyncApplicable" value="NO"/>
	   	<set-variable variableName="flowType" value="DTP-SUBMIT-SYNC" />
	   	<transformer ref="jsonToCommObj" doc:name="Json to java obj"/>
	   	<set-variable variableName="loggerDealId" value="#[payload.getBodySection('SCBOcrNlpDealDataObjectExtn').getStringValue('dealId')]"/>
	   	<logger message="#[flowVars.loggerDealId] - system code : #[payload.getBodySection('SCBOcrNlpDealDataObjectExtn').getStringValue('systemCode')] ***" level="INFO" doc:name="Logger" />
	   	<choice doc:name="dtp submit sync">
			<when expression="#[payload.getBodySection('SCBOcrNlpDealDataObjectExtn').getStringValue('systemCode')=='DTP' ]">
				<logger message="#[flowVars.loggerDealId] - DTP Sync Started***" level="INFO" doc:name="Logger" />
		 		<expression-component>
					<![CDATA[
						payload.getHeader().setModuleFunctionCode('DEAL_FINAL_SUBMIT_DTP_SYNC_CHECK');
						payload.getHeader().setModuleCode('NLP-SUBMIT');
					]]>
				</expression-component> 
				<transformer ref="commObjToJson" doc:name="java obj to json"/>
				<logger message="#[flowVars.loggerDealId] - DTP Sync Http Call request :#[message.payloadAs(java.lang.String)] " level="INFO" doc:name="Logger" />
			   	<set-variable variableName="eurekaId" value="TP-NLP-DATA-MS" doc:name="Variable"/>
				<flow-ref name="getServerInstance" doc:name="Server Instance Retrieval"/> 
			   	<http:request config-ref="tp-nlp-msConfig" path="/#[flowVars.countryCode]/dealfinalsubmitdtpsynccheck" method="POST" doc:name="HTTP_NLP_DEALS">
					<http:request-builder>
					</http:request-builder>
					<http:success-status-code-validator
							values="200,201" />
				</http:request>
				<set-variable variableName="dtpSyncCheckResponse" value="#[message.payloadAs(java.lang.String)]" />
				<logger message="#[flowVars.loggerDealId] - DTP Sync Http Call response :#[message.payloadAs(java.lang.String)] " level="INFO" doc:name="Logger" />
				<custom-transformer name="submitPrecheckTransformer" class="com.scb.ms.mule.transformer.SCBOcrNlpSubmitPreCheckTransformer" doc:name="HTTP_NLP_DEALS" />
				<logger level="INFO" message="#[flowVars.loggerDealId] - precheckApplicable : #[flowVars.precheckApplicable]" doc:name="Logger" />
				<logger level="INFO" message="#[flowVars.loggerDealId] - dtpSyncApplicable : #[flowVars.dtpSyncApplicable]" doc:name="Logger" />
				
				<choice doc:name="dtp sync fetch">
					<when expression="#[flowVars['dtpSyncApplicable']=='DTP-SYNC' ]">
						<logger level="INFO" message="#[flowVars.loggerDealId] - DTP Sync Request Payload : #[message.payloadAs(java.lang.String)] " doc:name="Logger" />
						<flow-ref name="dtpfetchOldParties" />
						<custom-transformer name="submitSyncCheckTransformerApplicable" class="com.scb.ms.mule.transformer.SCBOcrNlpSubmitDtpSyncCheckTransformer" doc:name="HTTP_NLP_DEALS" />
						<choice doc:name="dtp sync failed">
							<when expression="#[flowVars['precheckApplicable']=='NO' ]">
								<transformer ref="jsonToCommObj" doc:name="Json to java obj"/>
								<expression-component>
									<![CDATA[
										payload.getHeader().setModuleFunctionCode('DEAL_ADHOC_STATUS_UPDATE');
										payload.getHeader().setModuleCode('NLP-COMM');
									]]>
								</expression-component> 		
		   						<transformer ref="commObjToJson" doc:name="java obj to json"/>
		   						<set-variable variableName="dtpSyncCheckResponse" value="#[message.payloadAs(java.lang.String)]" />
		   						<flow-ref name="adhocStatusUpdate" />
		   						<set-payload value="#[flowVars.dtpSyncCheckResponse]" mimeType="application/json" encoding="UTF-8" />
								<!-- 
								// Update TD Status as TECHFAIL
								// Don't update Deal Status , but Update Digitizer status as TECHFAIL
								 -->
							</when>
							<otherwise>
								<logger level="INFO" message="#[flowVars.loggerDealId] - DTP Sync Successful Proceeding to Precheck" doc:name="Logger" />
							</otherwise>
						</choice>
					</when>
					<when expression="#[flowVars['dtpSyncApplicable']=='DTP-BATCH' ]">
						<logger level="INFO" message="#[flowVars.loggerDealId] - DTP Sync Request Payload : #[message.payloadAs(java.lang.String)] " doc:name="Logger" />
						<custom-transformer name="submitSyncCheckTransformerBatch" class="com.scb.ms.mule.transformer.SCBOcrNlpSubmitDtpSyncCheckTransformer" doc:name="HTTP_NLP_DEALS" />
						<transformer ref="jsonToCommObj" doc:name="Json to java obj"/>
						<expression-component>
							<![CDATA[
								payload.getHeader().setModuleFunctionCode('DEAL_ADHOC_STATUS_UPDATE');
								payload.getHeader().setModuleCode('NLP-COMM');
							]]>
						</expression-component> 		
   						<transformer ref="commObjToJson" doc:name="java obj to json"/>
   						<set-variable variableName="dtpSyncCheckResponse" value="#[message.payloadAs(java.lang.String)]" />
   						<flow-ref name="adhocStatusUpdate" />
   						<set-payload value="#[flowVars.dtpSyncCheckResponse]" mimeType="application/json" encoding="UTF-8" />
						<!-- 
						// Update TD STatus as BATCH 
						Update the Deal Status to SBWIN and Digitizer status to BATCH 
						 -->
					</when>
					<when expression="#[flowVars['dtpSyncApplicable']=='NOTMAKR' ]">
						<logger level="INFO" message="#[flowVars.loggerDealId] - DTP Sync Not Applicable either due to Deal not in Mkr" doc:name="Logger" />
						<custom-transformer name="submitSyncCheckTransformerNotMkr" class="com.scb.ms.mule.transformer.SCBOcrNlpSubmitDtpSyncCheckTransformer" doc:name="HTTP_NLP_DEALS" />
						<transformer ref="jsonToCommObj" doc:name="Json to java obj"/>
						<expression-component>
							<![CDATA[
								payload.getHeader().setModuleFunctionCode('DEAL_ADHOC_STATUS_UPDATE');
								payload.getHeader().setModuleCode('NLP-COMM');
							]]>
						</expression-component> 		
   						<transformer ref="commObjToJson" doc:name="java obj to json"/>
   						<set-variable variableName="dtpSyncCheckResponse" value="#[message.payloadAs(java.lang.String)]" />
   						<flow-ref name="adhocStatusUpdate" />
   						<set-payload value="#[flowVars.dtpSyncCheckResponse]" mimeType="application/json" encoding="UTF-8" />
						<!-- 
						// Do update TD STatus as NOTINMKR
						Update the Deal Status to SBWIN and Digitizer status to BATCH 
						 -->
					</when>
					<when expression="#[flowVars['dtpSyncApplicable']=='DTP-SYNC-SKIP' ]">
						<logger level="INFO" message="#[flowVars.loggerDealId] - DTP Sync Not Required Due to Excel already Download and redirecting to Pre Check " doc:name="Logger" />
					</when>
					<otherwise>
						<logger level="INFO" message="#[flowVars.loggerDealId] - DTP None of the Condition Matched " doc:name="Logger" />
					</otherwise>
				</choice>
			</when>
			<otherwise>
				<logger message="#[flowVars.loggerDealId] - OTP Deal No Need to perform sync" level="INFO" doc:name="Logger" />
				<set-variable variableName="precheckApplicable" value="YES"/>
			</otherwise>
		</choice>
		<logger message="#[flowVars.loggerDealId] - Pre check status : #[flowVars.precheckApplicable] " level="INFO" doc:name="Logger" />
		<choice doc:name="pre check applicable">
			<when expression="#[flowVars['precheckApplicable']=='YES' ]">
			   	<logger message="#[flowVars.loggerDealId] - Final Submit Started***" level="INFO" doc:name="Logger" />
			   	<transformer ref="jsonToCommObj" doc:name="Json to java obj"/>
			 		<expression-component>
						<![CDATA[
							payload.getHeader().setModuleFunctionCode('DEAL_FINAL_SUBMIT_PRE_CHECK');
							payload.getHeader().setModuleCode('NLP-SUBMIT');
						]]>
					</expression-component> 		
		   		<transformer ref="commObjToJson" doc:name="java obj to json"/>
			   	<set-variable variableName="eurekaId" value="TP-NLP-DATA-MS" doc:name="Variable"/>
				<flow-ref name="getServerInstance" doc:name="Server Instance Retrieval"/> 
			   	<http:request config-ref="tp-nlp-msConfig" path="/#[flowVars.countryCode]/dealfinalsubmitprecheck" method="POST" doc:name="HTTP_NLP_DEALS">
					<http:request-builder>
					</http:request-builder>
					<http:success-status-code-validator
							values="200,201" />
				</http:request>
				<logger message="#[flowVars.loggerDealId] - Return response from Submit Pre Check" level="INFO" doc:name="Logger" />
				<logger message="#[flowVars.loggerDealId] - Pre check Result  P:#[message.payloadAs(java.lang.String)]." level="INFO" doc:name="Logger" />
			</when>
			<otherwise>
				<logger message="#[flowVars.loggerDealId] - Pre check Not applicable " level="INFO" doc:name="Logger" />
			</otherwise>
		</choice>
		<transformer ref="jsonToCommObj" doc:name="Json to java obj"/>
		<logger message="#[flowVars.loggerDealId] - Submit Status Flag : #[payload.getBodySection('SCBOcrNlpDealDataObjectExtn').getStringValue('statusFlag')]" level="INFO" doc:name="Logger" />
		<logger message="#[flowVars.loggerDealId] - Submit Pre check response code : #[payload.getBodySection('SCBOcrNlpDealDataObjectExtn').getStringValue('response')]" level="INFO" doc:name="Logger" />
		<choice doc:name="submit check">
			<when expression="#[payload.getBodySection('SCBOcrNlpDealDataObjectExtn').getStringValue('statusFlag')=='Y' ]">
				<expression-component>
					<![CDATA[
						payload.getHeader().setModuleFunctionCode('DEAL_FINAL_SUBMIT');
						payload.getHeader().setModuleCode('NLP-SUBMIT');
					]]>
				</expression-component> 
				<transformer ref="commObjToJson" doc:name="java obj to json"/>
	            
	            <flow-ref name="dealFinalSubmitSyncFlow" />
		    </when>
		    <when expression="#[payload.getBodySection('SCBOcrNlpDealDataObjectExtn').getStringValue('statusFlag')=='N' &amp;&amp; 
		    						payload.getBodySection('SCBOcrNlpDealDataObjectExtn').getStringValue('systemCode')=='DTP' &amp;&amp; 
		    						flowVars['callOriginatedFromUI']=='NO' ]">
		    	<custom-transformer name="batchdtpFailureTrans" class="com.scb.ms.mule.transformer.SCBOcrNlpBatchSubmitDtpFailureTransformer" doc:name="HTTP_NLP_DEALS" />
		    	<flow-ref name="adhocStatusUpdate" />
		    	<!-- 
				// Do update TD STatus as BATCHFAIL
				 -->
		    </when>
		    <otherwise>
		    	<transformer ref="commObjToJson" doc:name="java obj to json"/>
		    	
				<logger message="#[flowVars.loggerDealId] - Deal Submit Pre Check Came Negative" level="INFO" doc:name="Logger" />
				<logger message="#[flowVars.loggerDealId] - Pre check Result  P:#[message.payloadAs(java.lang.String)]." level="INFO" doc:name="Logger" />
			</otherwise>
		</choice>
		<custom-transformer name="finalUIMessageTransformer" class="com.scb.ms.mule.transformer.SCBOcrNlpSubmitFinalUIMessageTransformer" doc:name="HTTP_NLP_DEALS" />
		<logger message="#[flowVars.loggerDealId] - Final Message to UI  P:#[message.payloadAs(java.lang.String)]." level="INFO" doc:name="Logger" />
	</flow>
	
	<!-- SYNC SUBMIT FLOW -->
	<flow name="dealFinalSubmitSyncFlow" processingStrategy = "synchronous">
	   	<logger message="dealFinalSubmitAsyncFlow Started***" level="INFO" doc:name="Logger" />
   		<transformer ref="jsonToCommObj" doc:name="Json to java obj"/>
   		<set-variable variableName="loggerDealId" value="#[payload.getBodySection('SCBOcrNlpDealDataObjectExtn').getStringValue('dealId')]"/>
   		<transformer ref="commObjToJson" doc:name="java obj to json"/>
   		
   		<set-variable variableName="originalDealExtnPayload" value="#[message.payloadAs(java.lang.String)]"/>
   		
   		<logger message="#[flowVars.loggerDealId] - dealFinalSubmitAsyncFlow Started****" level="INFO" doc:name="Logger" />
       	<logger	message="#[flowVars.loggerDealId] - Entry endpoint post:/{countryCode}/dealfinalSubmit:nlp-config. P:#[message.payloadAs(java.lang.String)]. HTTP_ID:#[headers:INBOUND:*]" level="INFO" doc:name="initiate nlp Logger:Post Req" />
       	
		<!-- ICC & Datacap Feedback flow moved to Async flow -->
		<set-variable variableName="eurekaId" value="TP-NLP-DATA-MS" doc:name="Variable"/>
		<flow-ref name="getServerInstance" doc:name="Server Instance Retrieval"/>        	
       	<http:request config-ref="tp-nlp-msConfig" path="/#[flowVars.countryCode]/dealfinalSubmit" method="POST" doc:name="HTTP_NLP_DEALS">
			<http:request-builder>
			</http:request-builder>
			<http:success-status-code-validator
					values="200,201" />
		</http:request>
		
		<logger	message="#[flowVars.loggerDealId] - Response from dealFinalSumit" level="INFO" doc:name="initiate nlp Logger:Post Req" />
		<transformer ref="jsonToCommObj" doc:name="Json to java obj"/>
						
		<set-variable variableName="statusFlag" value="#[payload.getBodySection('SCBOcrNlpDealDataObjectExtn').getStringValue('statusFlag')]"/>
		<set-variable variableName="finalSystemCode" value="#[payload.getBodySection('SCBOcrNlpDealDataObjectExtn').getStringValue('finalSystemCode')]"/>
		
		<logger	message="#[flowVars.loggerDealId] - final system code :  P:#[payload.getBodySection('SCBOcrNlpDealDataObjectExtn').getStringValue('finalSystemCode')]." level="INFO" doc:name="initiate nlp Logger:Post Req" />
		<logger	message="#[flowVars.loggerDealId] - status flag :  P:#[payload.getBodySection('SCBOcrNlpDealDataObjectExtn').getStringValue('statusFlag')]." level="INFO" doc:name="initiate nlp Logger:Post Req" />
		<logger	message="#[flowVars.loggerDealId] - :  P:#[payload.getBodySection('SCBOcrNlpDealDataObjectExtn').getStringValue('systemCode')]." level="INFO" doc:name="initiate nlp Logger:Post Req" />
		<choice doc:name="End sytem Check">
			<when
				expression="#[payload.getBodySection('SCBOcrNlpDealDataObjectExtn').getStringValue('statusFlag')=='Y' &amp;&amp; 
									payload.getBodySection('SCBOcrNlpDealDataObjectExtn').getStringValue('finalSystemCode')== 'DTP']">
				<logger message="DTP Flow" level="INFO" doc:name="Logger" />
				<flow-ref name="dtpflow" />
			</when>
			<when expression="#[payload.getBodySection('SCBOcrNlpDealDataObjectExtn').getStringValue('statusFlag')=='Y' &amp;&amp;
									payload.getBodySection('SCBOcrNlpDealDataObjectExtn').getStringValue('finalSystemCode')== 'OTP_OTHERS']">
				<logger message="OTP Others Flow" level="INFO" doc:name="Logger" />
				<flow-ref name="otpothrsflow" /> 
			</when>
			<when expression="#[payload.getBodySection('SCBOcrNlpDealDataObjectExtn').getStringValue('statusFlag')=='Y' &amp;&amp;
									payload.getBodySection('SCBOcrNlpDealDataObjectExtn').getStringValue('finalSystemCode')== 'OTP_NEW']">
				<logger message="OTP New Flow" level="INFO" doc:name="Logger" />
				<flow-ref name="otpnewflow" /> 
			</when>
			<otherwise>
				<logger message="Step3 Response error message" level="INFO" doc:name="Logger" />
				<transformer ref="commObjToJson" doc:name="java obj to json" />
				<logger message="Error Response to UI  P:#[message.payloadAs(java.lang.String)]." level="INFO" doc:name="Logger" />
			</otherwise>
		</choice>
		
		<set-payload value="#[flowVars.originalDealExtnPayload]" mimeType="application/json" encoding="UTF-8" />
		<async doc:name="Async">
            <flow-ref name="dealFinalSubmitFeedbackAsyncFlow" doc:name="async-scopeFeedbackFlow"/>
        </async>
        <logger	message="#[flowVars.loggerDealId] - sync flow Completed Async Feedbck triggered before sending to UI" level="INFO" doc:name="initiate nlp Logger:Post Req" />
  	</flow>
	
	<!-- ASYNC SUBMIT FEEDBACK FLOW -->
	<flow name="dealFinalSubmitFeedbackAsyncFlow" processingStrategy="Feedback_Flow_Proc_Strategy">
		<logger message="dealFinalSubmitFeedbackAsyncFlow Started****" level="INFO" doc:name="Logger" />
		<transformer ref="jsonToCommObj" doc:name="Json to java obj"/>
		<set-variable variableName="loggerDealId" value="#[payload.getBodySection('SCBOcrNlpDealDataObjectExtn').getStringValue('dealId')]"/>
		<set-variable variableName="customerid" value="#[payload.getBodySection('SCBOcrNlpDealDataObjectExtn').getStringValue('clientId')]"/>
		<set-variable variableName="countrycode" value="#[payload.getBodySection('SCBOcrNlpDealDataObjectExtn').getStringValue('country')]"/>
		<set-variable variableName="dealid" value="#[payload.getBodySection('SCBOcrNlpDealDataObjectExtn').getStringValue('dealId')]"/>
		<set-variable variableName="regtimestamp" value="#[payload.getBodySection('SCBOcrNlpDealDataObjectExtn').getStringValue('regTimeStamp')]"/>
		<set-variable variableName="systemCode" value="#[payload.getBodySection('SCBOcrNlpDealDataObjectExtn').getStringValue('finalSystemCode')]"/>
		<set-variable variableName="tdApplicationReferenceId" value="#[payload.getBodySection('SCBOcrNlpDealDataObjectExtn').getStringValue('tdApplicationReferenceId')]"/>
		<set-variable variableName="stepId" value="#[payload.getBodySection('SCBOcrNlpDealDataObjectExtn').getStringValue('stepId')]"/>
		<set-variable variableName="productId" value="#[payload.getBodySection('SCBOcrNlpDealDataObjectExtn').getStringValue('productId')]"/>
		<transformer ref="commObjToJson" doc:name="java obj to json"/>
		
		<logger message="#[flowVars.loggerDealId] - dealFinalSubmitFeedbackAsyncFlow Started****" level="INFO" doc:name="Logger" />
	    <!-- NEW ICC & DataCap Flow pull out from MicroServices -->
	    <set-variable variableName="ICCFEEDBACKENABLED" value="${feedbackflow.icc.enabled}"/>
		<logger level="INFO" message="#[flowVars.loggerDealId] - ICCFEEDBACKENABLED : #[flowVars.ICCFEEDBACKENABLED]" doc:name="Logger" />
		<set-variable variableName="DATACAPFEEDBACKENABLED" value="${feedbackflow.datacap.enabled}"/>
		<logger level="INFO" message="#[flowVars.loggerDealId] - DATACAPFEEDBACKENABLED : #[flowVars.DATACAPFEEDBACKENABLED]" doc:name="Logger" />
		
	    <choice doc:name="Check Outgoing ICC flag">
        	<when expression="#[flowVars.ICCFEEDBACKENABLED == true]"> 
        		<flow-ref name="iccFeedbackFlow" />
        	</when>
        	<otherwise>
				<logger message="#[flowVars.loggerDealId] - Submit Flow iccFeedbackFlow Not called****" level="INFO" doc:name="Logger" />
			</otherwise>
        </choice>
       	<choice doc:name="Check Outgoing DATACAP flag">
        	<when expression="#[flowVars.DATACAPFEEDBACKENABLED == true]"> 
        		<flow-ref name="dataCapCreatingTemplateFeedbackFlow" />
        	</when>
        	<otherwise>
				<logger message="#[flowVars.loggerDealId] - Submit Flow datacap Feedback Not called****" level="INFO" doc:name="Logger" />
			</otherwise>
        </choice>
       	
		<logger message="#[flowVars.loggerDealId] - dealFinalSubmitFeedbackAsyncFlow Completed****" level="INFO" doc:name="Logger" />
	</flow>
	
	<!-- ICC FEEDBACK IN FORWARD PROCESSING -->
	<flow name="iccFeedbackFlow" processingStrategy = "synchronous">
        <logger message="#[flowVars.loggerDealId] - Starting of ICC Feedback Flow" level="INFO" doc:name="Logger"/>
        <transformer ref="jsonToCommObj" doc:name="Json to java obj"/>
        <expression-component>
            <![CDATA[
				payload.getHeader().setModuleFunctionCode('FINAL_SUBMIT_ICC_FEEDBACK');
				payload.getHeader().setModuleCode('NLP-SUBMIT');
			]]>
        </expression-component>
        <transformer ref="commObjToJson" doc:name="java obj to json"/>
        <set-variable variableName="eurekaId" value="TP-NLP-DATA-MS" doc:name="Variable"/>
		<flow-ref name="getServerInstance" doc:name="Server Instance Retrieval"/> 
        <http:request config-ref="tp-nlp-msConfig" path="/#[flowVars.countryCode]/processICCFeedback" method="POST" doc:name="HTTP_NLP_DEALS" >
            <http:request-builder></http:request-builder>
            <http:success-status-code-validator values="200,201" />
        </http:request>
        <logger message="#[flowVars.loggerDealId] - End of ICC Feedback  Flow" level="INFO" doc:name="Logger"/>
        <catch-exception-strategy doc:name="Template Catch Exception Strategy">
            <logger message="#[flowVars.loggerDealId] - ICCFeedback  Call Failed #[exception] - P:#[message.payloadAs(java.lang.String)]" level="ERROR" doc:name="Logger" />
        </catch-exception-strategy>
    </flow>
    
    <!-- DATACAP CREATING TEMPLATE FEEDBACK IN SUBMIT PROCESSING -->
    <flow name="dataCapCreatingTemplateFeedbackFlow" processingStrategy="synchronous">
        <logger message="#[flowVars.loggerDealId] - Starting of DataCap Creating Template Feedback Flow" level="INFO" doc:name="Logger" />
        <set-variable variableName="datacapFeedbackStatus" value="INIT" />
        <set-variable variableName="datacapFeedbackFlowStartTime" value="#[server.dateTime.format('dd-MMM-yyyy HH:mm:ss')]" />
        <transformer ref="jsonToCommObj" doc:name="Json to java obj"/>
        <expression-component>
            <![CDATA[
				payload.getHeader().setModuleFunctionCode('FINAL_SUBMIT_DATACAP_REQ');
				payload.getHeader().setModuleCode('NLP-SUBMIT');
			]]>
        </expression-component>
        <transformer ref="commObjToJson" doc:name="java obj to json"/>
        <set-variable variableName="eurekaId" value="TP-NLP-DATA-MS" doc:name="Variable"/>
		<flow-ref name="getServerInstance" doc:name="Server Instance Retrieval"/> 
        <http:request config-ref="tp-nlp-msConfig" path="/#[flowVars.countryCode]/creatingDataCapFeedbackTemplate" method="POST" doc:name="HTTP_NLP_DEALS">
            <http:request-builder></http:request-builder>
            <http:success-status-code-validator values="200,201" />
        </http:request>
        <custom-transformer name="SCBDataCapCreateTemplateToNlpTransformer" class="com.scb.ms.mule.transformer.SCBOcrNlpDataCapCreateTemplateToNlpTransformer" doc:name="HTTP_NLP_DEALS" />
        <set-variable variableName="dataCapTemplateJSON" value="#[message.payloadAs(java.lang.String)]" />
        <logger message="#[flowVars.loggerDealId] - Successfully DataCap Creating Template Feedback Flow" level="INFO" doc:name="Logger" />
        <!-- DataCap Server connection SubFlow -->
        <flow-ref name="dataCapSendFeedbackToDataCapFlow" />
        <logger message="#[flowVars.loggerDealId] - Start DataCap Update Feedback to DB" level="INFO" doc:name="Logger" />
        <set-variable variableName="datacapFeedbackFlowEndTime" value="#[server.dateTime.format('dd-MMM-yyyy HH:mm:ss')]" />
        
        <custom-transformer name="SCBDataCapFeedbackResponseToNlpTransformer" class="com.scb.ms.mule.transformer.SCBOcrNlpDataCapFeedbackResponseToNlpTransformer" doc:name="HTTP_NLP_DEALS" />
        <set-property propertyName="Content-Type" value="application/json"/>
        <set-variable variableName="eurekaId" value="TP-NLP-DATA-MS" doc:name="Variable"/>
		<flow-ref name="getServerInstance" doc:name="Server Instance Retrieval"/> 
        <http:request config-ref="tp-nlp-msConfig" path="/#[flowVars.countryCode]/updateDataCapFeedbackResponse" method="POST" doc:name="HTTP_NLP_DEALS">
            <http:request-builder></http:request-builder>
            <http:success-status-code-validator values="200,201" />
        </http:request>
        <logger message="#[flowVars.loggerDealId] - Successfully Updating DataCap Feedback to DB" level="INFO" doc:name="Logger" />
        <logger message="#[flowVars.loggerDealId] - End of DataCap Creating Template Flow" level="INFO" doc:name="Logger" />
        <catch-exception-strategy doc:name="Template Catch Exception Strategy">
            <logger message="#[flowVars.loggerDealId] - DataCap Template Flow  Call Failed #[exception] - P:#[message.payloadAs(java.lang.String)]" level="ERROR" doc:name="Logger" />
        </catch-exception-strategy>
    </flow>
    
	<!-- SUBFLOW DATACAP CALLING DATACAP SERVER TO GET THE FEEDBACK RESPONSE PROCESSING -->
	<flow name="dataCapSendFeedbackToDataCapFlow" processingStrategy="synchronous">
		<logger message="#[flowVars.loggerDealId] - Starting of Sending Template Feedback to DataCap Server Flow P:#[message.payloadAs(java.lang.String)]" level="INFO" doc:name="Logger" />
		
		<set-payload value="{ &quot; &quot; }" mimeType="application/json" encoding="UTF-8" />
		
		<remove-property propertyName="Content-Type" doc:name="Property"/>
		<set-property propertyName="Content-Type" value="application/x-www-form-urlencoded"/>
		
		<logger message="#[flowVars.loggerDealId] - Start Get DataCap Server token" level="INFO" doc:name="Logger" />
		<until-successful maxRetries="${api.retry.attempts}" failureExpression="#[header:INBOUND:http.status == 500] || #[header:INBOUND:http.status == 502] " doc:name="Until Successful" millisBetweenRetries="${api.retry.waitperiod}" synchronous="true">
			<http:request config-ref="tp-datacap-msConfig" path="/${datacap.pathSignIn}" method="POST" doc:name="HTTP_NLP_DEALS">
				<http:request-builder>
					<http:query-param paramName="grant_type" value="${datacap.grantType}"/>
					<http:query-param paramName="client_id" value="${datacap.clientId}"/>
					<http:query-param paramName="client_secret" value="${datacap.clientSecret}" />
					<http:header headerName="Content-Type" value="application/x-www-form-urlencoded"  />
				</http:request-builder>
				<http:success-status-code-validator values="200,201" />
			</http:request>
		</until-successful>
		
		<json:json-to-object-transformer returnClass="java.util.HashMap" doc:name="JSON to Object" />
		<set-variable variableName="dataCapJWTCredential" value="#[message.payload.jwt]" doc:name="DataCap JWT Value" />
		<logger message="#[flowVars.loggerDealId] - Successfully Getting DataCap Server token P:#[message.payloadAs(java.lang.String)]" level="INFO" doc:name="Logger" />
		
		<logger message="#[flowVars.loggerDealId] - Start Sending Template Feedback payload to DataCap Server" level="INFO" doc:name="Logger" />
		<set-payload value="{ &quot; &quot; }" mimeType="application/json" encoding="UTF-8" />

		<remove-property propertyName="Content-Type" doc:name="Property"/>
		<set-property propertyName="Content-Type" value="application/x-www-form-urlencoded"/>
		
		<until-successful maxRetries="${api.retry.attempts}" failureExpression="#[header:INBOUND:http.status == 500] || #[header:INBOUND:http.status == 502] " doc:name="Until Successful" millisBetweenRetries="${api.retry.waitperiod}" synchronous="true">		
			<http:request config-ref="tp-datacap-msConfig" path="/${datacap.pathFeedback}" method="POST" doc:name="HTTP_NLP_DEALS">
				<http:request-builder>
					<http:header headerName="Content-Type" value="application/x-www-form-urlencoded" />
					<http:header headerName="jwt" value="#[flowVars.dataCapJWTCredential]" />
					<http:query-param paramName="jsonString" value="#[flowVars.dataCapTemplateJSON]"/>
				</http:request-builder>
				<http:success-status-code-validator values="200,201" />
			</http:request>
		</until-successful>
		<logger message="#[flowVars.loggerDealId] - Successfully Sending payload to DataCap Server P:#[message.payloadAs(java.lang.String)]" level="INFO" doc:name="Logger" />
		<set-variable variableName="datacapFeedbackStatus" value="SUCC" />
		<logger message="#[flowVars.loggerDealId] - Exiting Sending Template Feedback to DataCap Server Flow" level="INFO" doc:name="Logger" />
		
        <catch-exception-strategy doc:name="Datacap Feedback Catch Exception Strategy">
            <set-variable variableName="datacapFeedbackStatus" value="FAIL" />
            <logger message="#[flowVars.loggerDealId] - Sending payload to DataCap Server Failed #[exception] - P:#[message.payloadAs(java.lang.String)]" level="ERROR" doc:name="Logger" />
        </catch-exception-strategy>
	</flow>
	
	<!-- DTP SUBMIT FLOW -->
  	<sub-flow name="dtpflow">
		<logger	message="start dtp flow" level="INFO" doc:name="initiate nlp Logger:Post Req" />
		
		<set-variable variableName="submitTpCallStatus" value="INIT"/>
   		<set-variable variableName="submitTdStageCallStatus" value="INIT"/>
   		<set-variable variableName="submitTdStatusCallStatus" value="INIT"/>
   		<set-variable variableName="finalSubmitDealStatus" value="FSUCC" />
		<set-variable variableName="digitizerStatus" value=""/>
		
		<set-variable variableName="regTimeMsStr" value="#[payload.getBodySection('SCBOcrNlpDealDataObjectExtn').getStringValue('regTimeMsStr')]"/>
		<set-variable variableName="customerid" value="#[payload.getBodySection('SCBOcrNlpDealDataObjectExtn').getStringValue('clientId')]"/>
		<set-variable variableName="countrycode" value="#[payload.getBodySection('SCBOcrNlpDealDataObjectExtn').getStringValue('country')]"/>
		<set-variable variableName="dealid" value="#[payload.getBodySection('SCBOcrNlpDealDataObjectExtn').getStringValue('dealId')]"/>
		<set-variable variableName="curTDTxnStageCode" value="#[payload.getBodySection('SCBOcrNlpDealDataObjectExtn').getStringValue('tdTxnStageCode')]"/>
		<set-variable variableName="requestType" value="#[payload.getBodySection('SCBOcrNlpDealDataObjectExtn').getStringValue('tdRequestTye')]"/>
		<set-variable variableName="requestStatus" value="#[payload.getBodySection('SCBOcrNlpDealDataObjectExtn').getStringValue('requestStatus')]"/>
		<set-variable variableName="enableIcon" value="#[payload.getBodySection('SCBOcrNlpDealDataObjectExtn').getStringValue('enableIcon')]"/>
		<set-variable variableName="releaseTxnLock" value="#[payload.getBodySection('SCBOcrNlpDealDataObjectExtn').getStringValue('releaseTxnLock')]"/>
		<set-variable variableName="regTimeStamp" value="#[payload.getBodySection('SCBOcrNlpDealDataObjectExtn').getStringValue('regTimeStamp')]"/>
		<set-variable variableName="systemCode" value="#[payload.getBodySection('SCBOcrNlpDealDataObjectExtn').getStringValue('systemCode')]"/>
		<set-variable variableName="productId" value="#[payload.getBodySection('SCBOcrNlpDealDataObjectExtn').getStringValue('productId')]"/>
		<set-variable variableName="stepId" value="#[payload.getBodySection('SCBOcrNlpDealDataObjectExtn').getStringValue('stepId')]"/>
		<set-variable variableName="dataEntryApplicable" value="#[payload.getBodySection('SCBOcrNlpDealDataObjectExtn').getStringValue('dataEntryApplicable')]"/>

		<logger	message="#[flowVars.loggerDealId] - DTP flow step ****  P:#[payload.getBodySection('SCBOcrNlpDealDataObjectExtn').getStringValue('systemCode')]." level="INFO" doc:name="initiate nlp Logger:Post Req" />
		<logger	message="#[flowVars.loggerDealId] - DTP flow step1  P:#[payload.getBodySection('SCBOcrNlpDealDataObjectExtn').getStringValue('dealId')]." level="INFO" doc:name="initiate nlp Logger:Post Req" />
	    <logger	message="#[flowVars.loggerDealId] - DTP flow stepId  P:#[flowVars.stepId]." level="INFO" doc:name="initiate nlp Logger:Post Req" />
	    <logger	message="#[flowVars.loggerDealId] - DTP flow is dataEntryApplicable  P:#[flowVars.dataEntryApplicable]." level="INFO" doc:name="initiate nlp Logger:Post Req" />
	    <choice doc:name="End sytem DTP submitflow End Point Check">
			<when expression="#[payload.getBodySection('SCBOcrNlpDealDataObjectExtn').getStringValue('dataEntryApplicable')=='Y']">
				<logger message="DTP Import Export collection Flow Started for productId 03 and 13****" level="INFO" doc:name="Logger" />
				<transformer ref="commObjToJson" doc:name="java obj to json"/>
	            <custom-transformer name="SCBOcrNlpToDTPImpExpCollectionTransformer" class="com.scb.ms.mule.transformer.SCBOcrNlpToDTPImpExpCollectionTransformer" doc:name="HTTP_NLP_DEALS">
			    <spring:property name="transformerType" value="SCBDTPCommObjRequest" />
 		        </custom-transformer>
 		        <logger	message="#[flowVars.loggerDealId] - DTP flow Step2  P:#[flowVars.dealid].#[flowVars.customerid].#[flowVars.countrycode].#[flowVars.regTimeStamp]  #[flowVars.curTDTxnStageCode] Calling DTP End system" level="INFO" doc:name="initiate nlp Logger:Post Req" />
 		        <set-variable variableName="dtprequestPayload" value="#[message.payload]" />
    	        <set-variable variableName="tpSubmitFlowStartTime" value="#[server.dateTime.format('dd-MMM-yyyy HH:mm:ss')]" />
		        <flow-ref name="dtpImpExpCollectionSubmitFlow" />
			</when>
			<when expression="#[payload.getBodySection('SCBOcrNlpDealDataObjectExtn').getStringValue('dataEntryApplicable')=='N']">
				<logger message="DTP submit Flow Started for other productId'S****" level="INFO" doc:name="Logger" />
				<transformer ref="commObjToJson" doc:name="java obj to json"/>
	            <custom-transformer name="SCBNLPToDTPTransformer" class="com.scb.ms.mule.transformer.SCBOcrNlpToDTPTransformer" doc:name="HTTP_NLP_DEALS">
			    <spring:property name="transformerType" value="SCBDTPCommObjRequest" />
 		        </custom-transformer>
 		        <logger	message="#[flowVars.loggerDealId] - DTP flow Step2  P:#[flowVars.dealid].#[flowVars.customerid].#[flowVars.countrycode].#[flowVars.regTimeStamp]  #[flowVars.curTDTxnStageCode] Calling DTP End system" level="INFO" doc:name="initiate nlp Logger:Post Req" />
 		        <set-variable variableName="dtprequestPayload" value="#[message.payload]" />
    	        <set-variable variableName="tpSubmitFlowStartTime" value="#[server.dateTime.format('dd-MMM-yyyy HH:mm:ss')]" />
		        <flow-ref name="dtpSubmitFlow" />
			</when>
			<otherwise>
				<logger level="INFO" message="#[flowVars.loggerDealId] - DTP submitflowxml dataEntryApplicable choice check failed" />
			</otherwise>
		</choice>
 		
 		<logger message="After DTP End System submitflow End Point Check called****" level="INFO" doc:name="Logger" />
 						    				
		<!--<logger	message="#[flowVars.loggerDealId] - DTP flow Step2  P:#[flowVars.dealid].#[flowVars.customerid].#[flowVars.countrycode].#[flowVars.regTimeStamp]  #[flowVars.curTDTxnStageCode] Calling DTP End system" level="INFO" doc:name="initiate nlp Logger:Post Req" />
    	
    	<set-variable variableName="dtprequestPayload" value="#[message.payload]" />
    	<set-variable variableName="tpSubmitFlowStartTime" value="#[server.dateTime.format('dd-MMM-yyyy HH:mm:ss')]" />
		<flow-ref name="dtpSubmitFlow" />  -->
		  
    	<set-variable variableName="dtpresponsePayload" value="#[message.payload]" />
    	<set-variable variableName="tpSubmitFlowEndTime" value="#[server.dateTime.format('dd-MMM-yyyy HH:mm:ss')]" />
    	
    	<set-variable variableName="tdSubmitFlowStartTime" value="#[server.dateTime.format('dd-MMM-yyyy HH:mm:ss')]" />
		<set-variable variableName="flowType" value="SUBMIT-DTP" />
		<set-variable variableName="stageCallInitiateStatus" value="YES" />
    	<custom-transformer name="TDDtpStatusMvmtTransformer" class="com.scb.ms.mule.transformer.SCBOcrNlpTDStatusMvmntTransformer" doc:name="HTTP_NLP_DEALS" />
 		<flow-ref name="tdstatusmvmtflow" />        			 		
		<set-variable variableName="statusMvmntResponsePayload" value="#[message.payload]" />
		<logger message="#[flowVars.loggerDealId] - stageCallInitiateStatus : #[flowVars.stageCallInitiateStatus]" level="INFO" doc:name="Logger" />
		<choice doc:name="PENDING only check ">
      		<when expression="#[flowVars['stageCallInitiateStatus']=='YES' ]">
      			<logger message="#[flowVars.loggerDealId] - Submit Flow StageMovement Called****" level="INFO" doc:name="Logger" />
      			<custom-transformer name="TDDtpStageMvmtTransformer" class="com.scb.ms.mule.transformer.SCBOcrNlpTDStageMvmntTransformer" doc:name="HTTP_NLP_DEALS" />
	    		<flow-ref name="tdstagemovmntflow" />
    			<set-variable variableName="stageMvmntResponsePayload" value="#[message.payload]" />
      		</when>
	      	<otherwise>
				<logger message="#[flowVars.loggerDealId] - Forward Flow StageMovement Not called****" level="INFO" doc:name="Logger" />
			</otherwise>
		</choice>
				
    	<set-variable variableName="tdSubmitFlowEndTime" value="#[server.dateTime.format('dd-MMM-yyyy HH:mm:ss')]" />
	 	<custom-transformer name="NLPDtpFinalTransformer" class="com.scb.ms.mule.transformer.SCBOcrNlpFinalDealUpdateTransformer" doc:name="HTTP_NLP_DEALS" />
	 	<flow-ref name="updatefinaldealflow"/>
	 	
		<logger message="#[flowVars.loggerDealId] - Complete dtp flow and document content as a response for nlp deal data !!"/>
	</sub-flow>	
	
	<!-- SUBMIT DTP CALL IN SUBMIT PROCESSING -->
	<flow name="dtpSubmitFlow" processingStrategy = "synchronous">
		<logger message="#[flowVars.loggerDealId] - Starting of DTP submit Flow" level="INFO" doc:name="Logger"/>
		<logger	message="#[flowVars.loggerDealId] - Constructed DTP Request ::  P:#[message.payloadAs(java.lang.String)]." level="INFO" doc:name="initiate nlp Logger:Post Req" />
		<objectstore:retrieve config-ref="ObjectStore" key="technicalToken" targetProperty="tokenProperty" doc:name="Get value from ObjectStore" />         					
		<!-- DTP call Retry -->
		<set-variable variableName="EXTERNALSYSTEMENABLED" value="${external.api.enabled}"/>
		<logger level="INFO" message="#[flowVars.loggerDealId] - EXTERNALSYSTEMENABLED : #[flowVars.EXTERNALSYSTEMENABLED]" doc:name="Logger" />
		<choice doc:name="Check Outgoing flag">
        <when expression="#[flowVars.EXTERNALSYSTEMENABLED == true]"> 
			<until-successful maxRetries="${api.retry.attempts}" failureExpression="#[header:INBOUND:http.status == 500] || #[header:INBOUND:http.status == 502] " doc:name="Until Successful" millisBetweenRetries="${api.retry.waitperiod}" synchronous="true">
				<http:request config-ref="tp-external-msConfig" path="/#[flowVars.customerid]/bookingcountries/#[flowVars.countrycode]/productgroups/bbf/deals/#[flowVars.dealid]/parties" method="POST" doc:name="nlp-main">
					<http:request-builder> 
		                <http:header headerName="Content-Type" value="application/json" /> 
		                <http:header headerName="Authorization" value="#[tokenProperty]" />
		            </http:request-builder>           					
		       		<http:success-status-code-validator values="200,201"/>
		    	</http:request>
	    	</until-successful>
	    	<logger	message="#[flowVars.loggerDealId] - DTP Response ::  P:#[message.payloadAs(java.lang.String)]." level="INFO" doc:name="initiate nlp Logger:Post Req" />
	        <set-variable variableName="submitTpCallStatus" value="SUCC"/>
        </when>
			<otherwise>
				<logger level="INFO" message="#[flowVars.loggerDealId] - DTP submit Outgoing Call Disabled" />
			</otherwise>
		</choice>
        <logger message="#[flowVars.loggerDealId] - End of DTP submit Flow" level="INFO" doc:name="Logger"/>
        <catch-exception-strategy doc:name="DTP Submit Catch Exception Strategy">
        	<set-variable variableName="submitTpCallStatus" value="FAIL"/>
		    <logger message="#[flowVars.loggerDealId] - DTP submit Flow Call Failed #[exception] - P:#[message.payloadAs(java.lang.String)]" level="INFO" doc:name="Logger" />
		</catch-exception-strategy>
	</flow>
	
	<!-- SUBMIT DTP CALL IN SUBMIT PROCESSING -->
	<flow name="dtpImpExpCollectionSubmitFlow" processingStrategy = "synchronous">
		<logger message="#[flowVars.loggerDealId] - Starting of DTP import export collection submit Flow" level="INFO" doc:name="Logger"/>
		<logger	message="#[flowVars.loggerDealId] - Constructed DTP import export collection Request ::  P:#[message.payloadAs(java.lang.String)]." level="INFO" doc:name="initiate nlp Logger:Post Req" />
		<logger	message="#[flowVars.loggerDealId] - impExp collection subFlow end point url ::  P:/#[flowVars.customerid]/bookingcountries/#[flowVars.countrycode]/productgroups/col/deals" level="INFO" doc:name="initiate nlp Logger:Post Req" />
		<objectstore:retrieve config-ref="ObjectStore" key="technicalToken" targetProperty="tokenProperty" doc:name="Get value from ObjectStore" />         					
		<!-- DTP call Retry -->
		<until-successful maxRetries="${api.retry.attempts}" failureExpression="#[header:INBOUND:http.status == 500] || #[header:INBOUND:http.status == 502] " doc:name="Until Successful" millisBetweenRetries="${api.retry.waitperiod}" synchronous="true">
			<http:request config-ref="tp-external-msConfig" path="/#[flowVars.customerid]/bookingcountries/#[flowVars.countrycode]/productgroups/col/deals" method="POST" doc:name="nlp-main">
				<http:request-builder> 
	                <http:header headerName="Content-Type" value="application/json" /> 
	                <http:header headerName="Authorization" value="#[tokenProperty]" />
	            </http:request-builder>           					
	       		<http:success-status-code-validator values="200,201"/>
	    	</http:request>
    	</until-successful>
    	
    	<logger	message="#[flowVars.loggerDealId] - DTP import export collection Response ::  P:#[message.payloadAs(java.lang.String)]." level="INFO" doc:name="initiate nlp Logger:Post Req" />
    	
        <set-variable variableName="submitTpCallStatus" value="SUCC"/>
        <logger message="#[flowVars.loggerDealId] - End of DTP import export collection submit Flow" level="INFO" doc:name="Logger"/>
        <catch-exception-strategy doc:name="DTP Submit Catch Exception Strategy">
        	<set-variable variableName="submitTpCallStatus" value="FAIL"/>
		    <logger message="#[flowVars.loggerDealId] - DTP import export collection submit Flow Call Failed #[exception] - P:#[message.payloadAs(java.lang.String)]" level="INFO" doc:name="Logger" />
		</catch-exception-strategy>
	</flow>
	
	<!-- OTP OTHER SUBMIT FLOW -->
	<sub-flow name="otpothrsflow">
		<logger	message="#[flowVars.loggerDealId] - start otp othrs flow" level="INFO" doc:name="initiate nlp Logger:Post Req" />	
		
		<set-variable variableName="submitTpCallStatus" value="INIT"/>
   		<set-variable variableName="submitTdStageCallStatus" value="INIT"/>
   		<set-variable variableName="submitTdStatusCallStatus" value="INIT"/>
   		<set-variable variableName="finalSubmitDealStatus" value="FSUCC" />
   		<set-variable variableName="digitizerStatus" value=""/>
		
		<set-variable variableName="regTimeMsStr" value="#[payload.getBodySection('SCBOcrNlpDealDataObjectExtn').getStringValue('regTimeMsStr')]"/>
		<set-variable variableName="customerid" value="#[payload.getBodySection('SCBOcrNlpDealDataObjectExtn').getStringValue('clientId')]"/>
		<set-variable variableName="countrycode" value="#[payload.getBodySection('SCBOcrNlpDealDataObjectExtn').getStringValue('country')]"/>
		<set-variable variableName="dealid" value="#[payload.getBodySection('SCBOcrNlpDealDataObjectExtn').getStringValue('dealId')]"/>
		<set-variable variableName="curTDTxnStageCode" value="#[payload.getBodySection('SCBOcrNlpDealDataObjectExtn').getStringValue('tdTxnStageCode')]"/>
		<set-variable variableName="requestType" value="#[payload.getBodySection('SCBOcrNlpDealDataObjectExtn').getStringValue('tdRequestTye')]"/>
		<set-variable variableName="requestStatus" value="#[payload.getBodySection('SCBOcrNlpDealDataObjectExtn').getStringValue('requestStatus')]"/>
		<set-variable variableName="enableIcon" value="#[payload.getBodySection('SCBOcrNlpDealDataObjectExtn').getStringValue('enableIcon')]"/>
		<set-variable variableName="releaseTxnLock" value="#[payload.getBodySection('SCBOcrNlpDealDataObjectExtn').getStringValue('releaseTxnLock')]"/>
		<set-variable variableName="regTimeStamp" value="#[payload.getBodySection('SCBOcrNlpDealDataObjectExtn').getStringValue('regTimeStamp')]"/>
		<set-variable variableName="systemCode" value="#[payload.getBodySection('SCBOcrNlpDealDataObjectExtn').getStringValue('systemCode')]"/>
		<set-variable variableName="productId" value="#[payload.getBodySection('SCBOcrNlpDealDataObjectExtn').getStringValue('productId')]"/>
		<set-variable variableName="stepId" value="#[payload.getBodySection('SCBOcrNlpDealDataObjectExtn').getStringValue('stepId')]"/>
		<set-variable variableName="dataEntryApplicable" value="#[payload.getBodySection('SCBOcrNlpDealDataObjectExtn').getStringValue('dataEntryApplicable')]"/>
		<!-- <logger	message="otp othrs flow step ****  P:#[payload.getBodySection('SCBOcrNlpDealDataObjectExtn').getStringValue('systemCode')]." level="INFO" doc:name="initiate nlp Logger:Post Req" />
		<logger	message="otp othrs flow step1  P:#[payload.getBodySection('SCBOcrNlpDealDataObjectExtn').getStringValue('dealId')]." level="INFO" doc:name="initiate nlp Logger:Post Req" /> -->
	    <transformer ref="commObjToJson" doc:name="java obj to json"/>
	    <custom-transformer name="SCBNLPToOTPOthrsTransformer" class="com.scb.ms.mule.transformer.SCBOcrNlpToOTPOthrsTransformer" doc:name="HTTP_NLP_DEALS">
			<spring:property name="transformerType" value="SCBOTPOTHRSCommObjRequest" />
 		</custom-transformer>
 						    				
		<!-- <logger	message="otp othrs flow Step2  P:#[flowVars.dealid].#[flowVars.customerid].#[flowVars.countrycode].#[flowVars.regTimeStamp]  #[flowVars.curTDTxnStageCode] Calling DTP End system" level="INFO" doc:name="initiate nlp Logger:Post Req" /> -->
		
    	<set-variable variableName="otpothrsrequestPayload" value="#[message.payload]" />
		<set-variable variableName="tpSubmitFlowStartTime" value="#[server.dateTime.format('dd-MMM-yyyy HH:mm:ss')]" />
		<flow-ref name="otpOthSubmitFlow" />   
    	<set-variable variableName="otpothrsresponsePayload" value="#[message.payload]" />
    	<set-variable variableName="tpSubmitFlowEndTime" value="#[server.dateTime.format('dd-MMM-yyyy HH:mm:ss')]" />
    	<set-variable variableName="tdSubmitFlowStartTime" value="#[server.dateTime.format('dd-MMM-yyyy HH:mm:ss')]" />	
		<set-variable variableName="flowType" value="SUBMIT-OTP-OTH" />
		<set-variable variableName="stageCallInitiateStatus" value="YES" />
    	<custom-transformer name="TDOtpOthStatusMvmtTransformer" class="com.scb.ms.mule.transformer.SCBOcrNlpTDStatusMvmntTransformer" doc:name="HTTP_NLP_DEALS" />
		<flow-ref name="tdstatusmvmtflow" />        			 		
 		<set-variable variableName="statusMvmntResponsePayload" value="#[message.payload]" />
    	<logger message="#[flowVars.loggerDealId] - stageCallInitiateStatus : #[flowVars.stageCallInitiateStatus]" level="INFO" doc:name="Logger" />
    	<choice doc:name="PENDING only check ">
      		<when expression="#[flowVars['stageCallInitiateStatus']=='YES' ]">
      			<logger message="#[flowVars.loggerDealId] - Submit Flow StageMovement Called****" level="INFO" doc:name="Logger" />
      			<custom-transformer name="TDOtpOthStageMvmtTransformer" class="com.scb.ms.mule.transformer.SCBOcrNlpTDStageMvmntTransformer" doc:name="HTTP_NLP_DEALS" />
	    		<flow-ref name="tdstagemovmntflow" />
 				<set-variable variableName="stageMvmntResponsePayload" value="#[message.payload]" />
      		</when>
	      	<otherwise>
				<logger message="#[flowVars.loggerDealId] - Forward Flow StageMovement Not called****" level="INFO" doc:name="Logger" />
			</otherwise>
		</choice>

    	<set-variable variableName="tdSubmitFlowEndTime" value="#[server.dateTime.format('dd-MMM-yyyy HH:mm:ss')]" />
    	
 	 	<custom-transformer name="NLPOtpOthFinalTransformer" class="com.scb.ms.mule.transformer.SCBOcrNlpFinalDealUpdateTransformer" doc:name="HTTP_NLP_DEALS" />
 	 	<flow-ref name="updatefinaldealflow"/>
		<logger message="#[flowVars.loggerDealId] - Complete otp others flow and document content as a response for nlp deal data !!"/>
	</sub-flow>	
	
	<!-- SUBMIT OTP OTHER CALL IN SUBMIT PROCESSING -->
	<flow name="otpOthSubmitFlow" processingStrategy = "synchronous">
		<logger message="#[flowVars.loggerDealId] - Starting of OTP Oth submit Flow" level="INFO" doc:name="Logger"/>
		<logger	message="#[flowVars.loggerDealId] - Constructed otp othrs  Request ::  P:#[message.payloadAs(java.lang.String)]." level="INFO" doc:name="initiate nlp Logger:Post Req" />
		<objectstore:retrieve config-ref="ObjectStore" key="technicalToken" targetProperty="tokenProperty" doc:name="Get value from ObjectStore" />         					
		
		<!-- OTP Retry Call -->
		<set-variable variableName="EXTERNALSYSTEMENABLED" value="${external.api.enabled}"/>
		<logger level="INFO" message="#[flowVars.loggerDealId] - EXTERNALSYSTEMENABLED : #[flowVars.EXTERNALSYSTEMENABLED]" doc:name="Logger" />
		<choice doc:name="Check Outgoing flag">
        <when expression="#[flowVars.EXTERNALSYSTEMENABLED == true]">		
			<until-successful maxRetries="${api.retry.attempts}" failureExpression="#[header:INBOUND:http.status == 500] || #[header:INBOUND:http.status == 502] " doc:name="Until Successful" millisBetweenRetries="${api.retry.waitperiod}" synchronous="true">
				<http:request config-ref="tp-external-msConfig" path="/#[flowVars.customerid]/bookingcountries/#[flowVars.countrycode]/productgroups/bbf/deals/#[flowVars.dealid]/parties" method="POST" doc:name="nlp-main">
		       		<http:request-builder> 
		            	<http:header headerName="Content-Type" value="application/json" /> 
		                <http:header headerName="Authorization" value="#[tokenProperty]" />
		            </http:request-builder>           					
		       		<http:success-status-code-validator values="200,201"/>
		    	</http:request>
	    	</until-successful>
	    	<logger	message="#[flowVars.loggerDealId] - OTP OTHRS Response ::  P:#[message.payloadAs(java.lang.String)]." level="INFO" doc:name="initiate nlp Logger:Post Req" />
	        <set-variable variableName="submitTpCallStatus" value="SUCC"/>
        </when>
			<otherwise>
				<logger level="INFO" message="#[flowVars.loggerDealId] - OTP Oth submit Outgoing Call Disabled" />
			</otherwise>
		</choice>
        <logger message="#[flowVars.loggerDealId] - End of OTP Oth submit Flow" level="INFO" doc:name="Logger"/>
        <catch-exception-strategy doc:name="OTP OTH Catch Exception Strategy">
        	<set-variable variableName="submitTpCallStatus" value="FAIL"/>
		    <logger message="#[flowVars.loggerDealId] - OTP Oth submit Flow Call Failed #[exception] P:#[message.payloadAs(java.lang.String)]" level="INFO" doc:name="Logger" />
		</catch-exception-strategy>
	</flow>
	
	<!-- OTP NEW SUBMIT FLOW -->
	<sub-flow name="otpnewflow">
		<logger	message="#[flowVars.loggerDealId] - start otp new flow" level="INFO" doc:name="initiate nlp Logger:Post Req" />	
		
		<set-variable variableName="submitTpCallStatus" value="INIT"/>
   		<set-variable variableName="submitTdStageCallStatus" value="INIT"/>
   		<set-variable variableName="submitTdStatusCallStatus" value="INIT"/>
   		<set-variable variableName="finalSubmitDealStatus" value="FSUCC" />
   		<set-variable variableName="digitizerStatus" value=""/>
   		
   		<set-variable variableName="regTimeMsStr" value="#[payload.getBodySection('SCBOcrNlpDealDataObjectExtn').getStringValue('regTimeMsStr')]"/>
		<set-variable variableName="customerid" value="#[payload.getBodySection('SCBOcrNlpDealDataObjectExtn').getStringValue('clientId')]"/>
		<set-variable variableName="countrycode" value="#[payload.getBodySection('SCBOcrNlpDealDataObjectExtn').getStringValue('country')]"/>
		<set-variable variableName="dealid" value="#[payload.getBodySection('SCBOcrNlpDealDataObjectExtn').getStringValue('dealId')]"/>
		<set-variable variableName="curTDTxnStageCode" value="#[payload.getBodySection('SCBOcrNlpDealDataObjectExtn').getStringValue('tdTxnStageCode')]"/>
		<set-variable variableName="requestType" value="#[payload.getBodySection('SCBOcrNlpDealDataObjectExtn').getStringValue('tdRequestTye')]"/>
		<set-variable variableName="requestStatus" value="#[payload.getBodySection('SCBOcrNlpDealDataObjectExtn').getStringValue('requestStatus')]"/>
		<set-variable variableName="enableIcon" value="#[payload.getBodySection('SCBOcrNlpDealDataObjectExtn').getStringValue('enableIcon')]"/>
		<set-variable variableName="releaseTxnLock" value="#[payload.getBodySection('SCBOcrNlpDealDataObjectExtn').getStringValue('releaseTxnLock')]"/>
		<set-variable variableName="regTimeStamp" value="#[payload.getBodySection('SCBOcrNlpDealDataObjectExtn').getStringValue('regTimeStamp')]"/>
		<set-variable variableName="systemCode" value="#[payload.getBodySection('SCBOcrNlpDealDataObjectExtn').getStringValue('systemCode')]"/>
		<set-variable variableName="productId" value="#[payload.getBodySection('SCBOcrNlpDealDataObjectExtn').getStringValue('productId')]"/>
		<set-variable variableName="stepId" value="#[payload.getBodySection('SCBOcrNlpDealDataObjectExtn').getStringValue('stepId')]"/>
		
		<!-- <logger	message="otp new flow step ****  P:#[payload.getBodySection('SCBOcrNlpDealDataObjectExtn').getStringValue('systemCode')]." level="INFO" doc:name="initiate nlp Logger:Post Req" />
		<logger	message="otp new flow step1  P:#[payload.getBodySection('SCBOcrNlpDealDataObjectExtn').getStringValue('dealId')]." level="INFO" doc:name="initiate nlp Logger:Post Req" /> -->
	    	
	   	<transformer ref="commObjToJson" doc:name="java obj to json"/>
    	<custom-transformer name="SCBNLPToOTPNEWTransformer" class="com.scb.ms.mule.transformer.SCBOcrNlpToOTPNEWTransformer" doc:name="HTTP_NLP_DEALS">
			<spring:property name="transformerType" value="SCBOTPNEWCommObjRequest" />
 		</custom-transformer>
 						    				
		 <!--  <logger	message="otp new flow step2  P:#[flowVars.dealid].#[flowVars.customerid].#[flowVars.countrycode].#[flowVars.regTimeStamp]  #[flowVars.curTDTxnStageCode] Calling DTP End system" level="INFO" doc:name="initiate nlp Logger:Post Req" />-->
		
    	<set-variable variableName="otpnewrequestPayload" value="#[message.payload]" />
		<set-variable variableName="tpSubmitFlowStartTime" value="#[server.dateTime.format('dd-MMM-yyyy HH:mm:ss')]" />
		<flow-ref name="otpNewSubmitFlow" />  
    	<set-variable variableName="otpnewresponsePayload" value="#[message.payload]" />
		<set-variable variableName="tpSubmitFlowEndTime" value="#[server.dateTime.format('dd-MMM-yyyy HH:mm:ss')]" />
    	<set-variable variableName="tdSubmitFlowStartTime" value="#[server.dateTime.format('dd-MMM-yyyy HH:mm:ss')]" />
		<set-variable variableName="flowType" value="SUBMIT-OTP-NEW" />
		<set-variable variableName="stageCallInitiateStatus" value="YES" />
    	<custom-transformer name="TDOtpNewStatusMvmtTransformer" class="com.scb.ms.mule.transformer.SCBOcrNlpTDStatusMvmntTransformer" doc:name="HTTP_NLP_DEALS" />
		<flow-ref name="tdstatusmvmtflow" />        			 		
	    <set-variable variableName="statusMvmntResponsePayload" value="#[message.payload]" />
    	<logger message="#[flowVars.loggerDealId] - stageCallInitiateStatus : #[flowVars.stageCallInitiateStatus]" level="INFO" doc:name="Logger" />
    	<choice doc:name="PENDING only check ">
      		<when expression="#[flowVars['stageCallInitiateStatus']=='YES' ]">
      			<logger  message="#[flowVars.loggerDealId] - Submit Flow StageMovement Called****" level="INFO" doc:name="Logger" />
	    		<custom-transformer name="TDOtpNewStageMvmtTransformer" class="com.scb.ms.mule.transformer.SCBOcrNlpTDStageMvmntTransformer" doc:name="HTTP_NLP_DEALS" />
	    		<flow-ref name="tdstagemovmntflow" />
 				<set-variable variableName="stageMvmntResponsePayload" value="#[message.payload]" />
      		</when>
	      	<otherwise>
				<logger message="#[flowVars.loggerDealId] - Forward Flow StageMovement Not called****" level="INFO" doc:name="Logger" />
			</otherwise>
		</choice>
    	
    	<set-variable variableName="tdSubmitFlowEndTime" value="#[server.dateTime.format('dd-MMM-yyyy HH:mm:ss')]" />
    	
 	  	<custom-transformer name="NLPOtpNewFinalTransformer" class="com.scb.ms.mule.transformer.SCBOcrNlpFinalDealUpdateTransformer" doc:name="HTTP_NLP_DEALS" />
 	  	<flow-ref name="updatefinaldealflow"/>
 	  	
		<logger message="#[flowVars.loggerDealId] - Complete otp others flow and document content as a response for nlp deal data !!"/>
	</sub-flow>	
	
	<!-- SUBMIT OTP NEW CALL IN SUBMIT PROCESSING -->
	<flow name="otpNewSubmitFlow" processingStrategy = "synchronous">
		<logger message="#[flowVars.loggerDealId] - Starting of OTP New submit Flow" level="INFO" doc:name="Logger"/>
		<logger	message="#[flowVars.loggerDealId] - Constructed otp new  Request ::  P:#[message.payloadAs(java.lang.String)]." level="INFO" doc:name="initiate nlp Logger:Post Req" />
		<objectstore:retrieve config-ref="ObjectStore" key="technicalToken" targetProperty="tokenProperty" doc:name="Get value from ObjectStore" />         					
  	    
  	    <!-- OTP Retry Call -->
		<set-variable variableName="EXTERNALSYSTEMENABLED" value="${external.api.enabled}"/>
		<logger level="INFO" message="#[flowVars.loggerDealId] - EXTERNALSYSTEMENABLED : #[flowVars.EXTERNALSYSTEMENABLED]" doc:name="Logger" />
		<choice doc:name="Check Outgoing flag">
        <when expression="#[flowVars.EXTERNALSYSTEMENABLED == true]">  	    
	  	    <until-successful maxRetries="${api.retry.attempts}" failureExpression="#[header:INBOUND:http.status == 500] || #[header:INBOUND:http.status == 502] " doc:name="Until Successful" millisBetweenRetries="${api.retry.waitperiod}" synchronous="true">
		  	    <http:request config-ref="tp-external-msConfig" path="/#[flowVars.customerid]/bookingcountries/#[flowVars.countrycode]/productgroups/bbf/deals/#[flowVars.dealid]/documents" method="POST" doc:name="nlp-main">
					<http:request-builder> 
		            	<http:header headerName="Content-Type" value="application/json" /> 
		                <http:header headerName="Authorization" value="#[tokenProperty]" />
		            </http:request-builder>           					
					<http:success-status-code-validator values="200,201"/>
		     	</http:request>
	     	</until-successful>
	    	<logger	message="#[flowVars.loggerDealId] - OTP NEW Response ::  P:#[message.payloadAs(java.lang.String)]." level="INFO" doc:name="initiate nlp Logger:Post Req" />
	        <set-variable variableName="submitTpCallStatus" value="SUCC"/>
        </when>
			<otherwise>
				<logger level="INFO" message="#[flowVars.loggerDealId] - OTP NEW Outgoing Call Disabled" />
			</otherwise>
		</choice>
        <logger message="#[flowVars.loggerDealId] - End of OTP New submit Flow" level="INFO" doc:name="Logger"/>
        <catch-exception-strategy doc:name="OTP NEW Catch Exception Strategy">
        	<set-variable variableName="submitTpCallStatus" value="FAIL"/>
		    <logger message="#[flowVars.loggerDealId] - OTP New submit Flow Call Failed #[exception] P:#[message.payloadAs(java.lang.String)]" level="INFO" doc:name="Logger" />
		</catch-exception-strategy>
	</flow>
	
	<flow name="post:/{countryCode}/partyRolesExcelDownload:nlp-config" >
	   	<logger level="INFO" message="**** Start partyRolesExcelDownload flow *********" doc:name="Logger" />
	   	<set-variable variableName="eurekaId" value="TP-NLP-DATA-MS" doc:name="Variable"/>
		<flow-ref name="getServerInstance" doc:name="Server Instance Retrieval"/> 
	   	<http:request config-ref="tp-nlp-msConfig" path="/#[flowVars.countryCode]/partyRolesExcelDownload" method="POST" doc:name="HTTP_NLP_DEALS">
			<http:request-builder>
			</http:request-builder>
			<http:success-status-code-validator
					values="200,201" />
		</http:request>
		<logger level="INFO" message="**** End of partyRolesExcelDownload flow*********" doc:name="Logger" />
		
	</flow>

</mule>