<?xml version="1.0" encoding="UTF-8"?>
<mule xmlns:doc="http://www.mulesoft.org/schema/mule/documentation"
	xmlns:objectstore="http://www.mulesoft.org/schema/mule/objectstore" 
	xmlns="http://www.mulesoft.org/schema/mule/core" 
	xmlns:apikit="http://www.mulesoft.org/schema/mule/apikit" 
	xmlns:http="http://www.mulesoft.org/schema/mule/http" 
	xmlns:spring="http://www.springframework.org/schema/beans" 
	xmlns:context="http://www.springframework.org/schema/context"	
	xmlns:json="http://www.mulesoft.org/schema/mule/json"
	xmlns:xsi="http://www.w3.org/2001/XMLSchema-instance" 
	xmlns:vm="http://www.mulesoft.org/schema/mule/vm"
	xsi:schemaLocation="http://www.mulesoft.org/schema/mule/core http://www.mulesoft.org/schema/mule/core/current/mule.xsd
	http://www.mulesoft.org/schema/mule/objectstore http://www.mulesoft.org/schema/mule/objectstore/current/mule-objectstore.xsd
	http://www.mulesoft.org/schema/mule/http http://www.mulesoft.org/schema/mule/http/current/mule-http.xsd
	http://www.mulesoft.org/schema/mule/json http://www.mulesoft.org/schema/mule/json/current/mule-json.xsd
	http://www.springframework.org/schema/context http://www.springframework.org/schema/context/spring-context-current.xsd
	http://www.mulesoft.org/schema/mule/apikit http://www.mulesoft.org/schema/mule/apikit/current/mule-apikit.xsd
	http://www.springframework.org/schema/beans http://www.springframework.org/schema/beans/spring-beans-3.1.xsd
	http://www.mulesoft.org/schema/mule/vm http://www.mulesoft.org/schema/mule/vm/current/mule-vm.xsd">
	
	
	<!--  UTILITY & COMMON END POINTS STARTS -->

	<!-- FETCH OF CODE DATA -->
	<flow name="get:/{countryCode}/codedata/{codeId}:nlp-config">
		<logger level="INFO" message="get list of code configurations***" />
		<logger level="INFO" message="CTY_CODE = #[flowVars.countryCode]***" />
		<logger level="INFO" message="ID = #[flowVars.codeId]***" />
		<logger level="INFO" message="RULE_NAME = #[message.inboundProperties.'http.query.params'.codeValue]***" />
		<logger level="INFO" message="RULE_NAME = #[message.inboundProperties.'http.query.params'.systemCode]***" />
		<logger level="INFO" message="RULE_NAME = #[message.inboundProperties.'http.query.params'.productId]***" />
		<logger level="INFO" message="RULE_NAME = #[message.inboundProperties.'http.query.params'.stepId]***" />
		
		<set-variable variableName="eurekaId" value="TP-NLP-DATA-MS" doc:name="Variable"/>
		<flow-ref name="getServerInstance" doc:name="Server Instance Retrieval"/> 
		
		<http:request config-ref="tp-nlp-msConfig" path="/#[flowVars.countryCode]/codedata/#[flowVars.codeId]" method="GET" doc:name="HTTP_NLP_DEALS">
			<http:request-builder>
				<http:query-param paramName="codeValue" value="#[message.inboundProperties.'http.query.params'.codeValue]"/>
				<http:query-param paramName="systemCode" value="#[message.inboundProperties.'http.query.params'.systemCode]"/>
				<http:query-param paramName="productId" value="#[message.inboundProperties.'http.query.params'.productId]"/>
				<http:query-param paramName="stepId" value="#[message.inboundProperties.'http.query.params'.stepId]"/>
			</http:request-builder>
			<http:success-status-code-validator
					values="200,201" />
		</http:request>
		<logger message="message #[message.payload]" level="INFO" doc:name="Logger"/>     
	</flow>
	
	<!-- FETCH OF PARAM DATA -->
	<flow name="get:/{countryCode}/paramdata/{paramId}:nlp-config">
		<logger level="INFO" message="get list of param configurations***" />
		<logger level="INFO" message="CTY_CODE = #[flowVars.countryCode]***" />
		<logger level="INFO" message="PARAM_ID = #[flowVars.paramId]***" />
		<logger level="INFO" message="CLIENT_ID = #[message.inboundProperties.'http.query.params'.clientId]***" />
		<logger level="INFO" message="TBU_CODE = #[message.inboundProperties.'http.query.params'.tbuCode]***" />
		<logger level="INFO" message="PARAM_KEY_01 = #[message.inboundProperties.'http.query.params'.paramKey01]***" />
		<logger level="INFO" message="PARAM_KEY_02 = #[message.inboundProperties.'http.query.params'.paramKey02]***" />
		<logger level="INFO" message="PARAM_KEY_03 = #[message.inboundProperties.'http.query.params'.paramKey03]***" />
		<logger level="INFO" message="PARAM_KEY_04 = #[message.inboundProperties.'http.query.params'.paramKey04]***" />
		<logger level="INFO" message="PARAM_KEY_05 = #[message.inboundProperties.'http.query.params'.paramKey05]***" />
		<logger level="INFO" message="PARAM_KEY_06 = #[message.inboundProperties.'http.query.params'.paramKey06]***" />
		<logger level="INFO" message="PARAM_KEY_07 = #[message.inboundProperties.'http.query.params'.paramKey07]***" />
		<logger level="INFO" message="PARAM_KEY_08 = #[message.inboundProperties.'http.query.params'.paramKey08]***" />
		<logger level="INFO" message="PARAM_KEY_09 = #[message.inboundProperties.'http.query.params'.paramKey09]***" />
		<logger level="INFO" message="PARAM_KEY_10 = #[message.inboundProperties.'http.query.params'.paramKey10]***" />
		
		<set-variable variableName="eurekaId" value="TP-NLP-DATA-MS" doc:name="Variable"/>
		<flow-ref name="getServerInstance" doc:name="Server Instance Retrieval"/> 
		
		<http:request config-ref="tp-nlp-msConfig" path="/#[flowVars.countryCode]/paramdata/#[flowVars.paramId]" method="GET" doc:name="HTTP_NLP_DEALS">
			<http:request-builder>
				<http:query-param paramName="clientId" value="#[message.inboundProperties.'http.query.params'.clientId]"/>
				<http:query-param paramName="tbuCode" value="#[message.inboundProperties.'http.query.params'.tbuCode]"/>
				<http:query-param paramName="paramKey01" value="#[message.inboundProperties.'http.query.params'.paramKey01]"/>
				<http:query-param paramName="paramKey02" value="#[message.inboundProperties.'http.query.params'.paramKey02]"/>
				<http:query-param paramName="paramKey03" value="#[message.inboundProperties.'http.query.params'.paramKey03]"/>
				<http:query-param paramName="paramKey04" value="#[message.inboundProperties.'http.query.params'.paramKey04]"/>
				<http:query-param paramName="paramKey05" value="#[message.inboundProperties.'http.query.params'.paramKey05]"/>
				<http:query-param paramName="paramKey06" value="#[message.inboundProperties.'http.query.params'.paramKey06]"/>
				<http:query-param paramName="paramKey07" value="#[message.inboundProperties.'http.query.params'.paramKey07]"/>
				<http:query-param paramName="paramKey08" value="#[message.inboundProperties.'http.query.params'.paramKey08]"/>
				<http:query-param paramName="paramKey09" value="#[message.inboundProperties.'http.query.params'.paramKey09]"/>
				<http:query-param paramName="paramKey10" value="#[message.inboundProperties.'http.query.params'.paramKey10]"/>
			</http:request-builder>
			<http:success-status-code-validator
					values="200,201" />
		</http:request>
		<logger message="message #[message]" level="INFO" doc:name="Logger"/>
	</flow>
	
	<!-- DTP BATCH WINDOW UPDATE ENDPOINT -->
	<flow name="post:/dtpbatchnotification:nlp-config">
		<logger level="INFO" message="DTP Batch window updates***" />
		<transformer ref="jsonToCommObj" doc:name="Json to java obj"/>
	 		<expression-component>
				<![CDATA[
					payload.getHeader().setModuleCode('NLP-COMM');
					payload.getHeader().setServiceName('OCR-NLP');
					payload.getHeader().setModuleFunctionCode('DTP_BATCH_STATUS');
				]]>
			</expression-component> 		
   		<transformer ref="commObjToJson" doc:name="java obj to json"/>
   		<logger level="INFO" message="DTP Batch message #[message.payloadAs(java.lang.String)]"  doc:name="Logger"/>     
   		
   		<set-variable variableName="eurekaId" value="TP-NLP-DATA-MS" doc:name="Variable"/>
		<flow-ref name="getServerInstance" doc:name="Server Instance Retrieval"/> 
		<http:request config-ref="tp-nlp-msConfig" path="/dtpbatchnotification" method="POST" doc:name="HTTP_NLP_DEALS">
			<http:request-builder>
			</http:request-builder>
			<http:success-status-code-validator
					values="200,201" />
		</http:request>
		<set-variable variableName="batchPageCounter" value="0"/>
		<set-variable variableName="originalMessagePayload" value="#[message.payloadAs(java.lang.String)]" />
		<custom-transformer name="BatchTriggerOperationTransformer" class="com.scb.ms.mule.transformer.SCBOcrNlpBatchTriggerOperationTransformer" doc:name="HTTP_NLP_DEALS" />
		<logger level="INFO" message="Actual No of Deals to be triggered - #[flowVars.batchPageCounter] " doc:name="Logger" />
		<flow-ref name="dtp_batch_deals_while_loop" doc:name="while_loop"/>
		<logger level="INFO" message="message #[message]" doc:name="Logger"/>
	</flow>	

   <!-- LOOPING LOGIC FOR DTP BATCH FILES -->
   <flow name="dtp_batch_deals_while_loop" processingStrategy = "synchronous">
   		<choice doc:name="batch_Counter_Value_check">
            <when expression="#[flowVars.batchPageCounter > 0 ]">
            	<set-variable variableName="loggerDealId" value=""/>
            	<set-variable variableName="batchOperationType" value=""/>
            	<set-variable variableName="individualMessagePayload" value=""/>
            	
            	<custom-transformer name="BatchTriggerTransformer" class="com.scb.ms.mule.transformer.SCBOcrNlpBatchTriggerTransformer" doc:name="HTTP_NLP_DEALS" />
            	
            	<logger level="INFO" message="#[flowVars.loggerDealId] : #[flowVars.batchPageCounter] - #[flowVars.batchOperationType] " doc:name="Logger" />

            	<choice doc:name="File_Counter_Value_check">
            		<when expression="#[flowVars.batchOperationType == 'SUBMIT' ]">
						<logger level="INFO" message="#[flowVars.loggerDealId] : submit trigger  - #[flowVars.individualMessagePayload]" doc:name="Logger" />
						<set-payload value="#[flowVars.individualMessagePayload]" mimeType="application/json" encoding="UTF-8"/>
	            		<async doc:name="Async">
            				<flow-ref name="batchdtpdealFinalSubmitAsyncFlow" doc:name="async-scopedtpBatchFlow"/>
        				</async>
		        		<logger level="INFO" message="#[flowVars.loggerDealId] : submit trigger async  - Posted successfully" doc:name="Logger" />
		            </when>
					<otherwise>
						<set-payload value="#[flowVars.individualMessagePayload]" mimeType="application/json" encoding="UTF-8"/>
						<logger level="INFO" message="#[flowVars.loggerDealId] : forward trigger - #[flowVars.asyncDtpFetchForwardMessage]" doc:name="Logger" />
						<flow-ref name="dtpfetchOldParties" />
						<logger level="INFO" message="#[flowVars.loggerDealId] : Forward trigger  - Posted successfully" doc:name="Logger" />
					</otherwise>
				</choice>
				<!-- Decrease the counter and call the same flow again -->
                <set-variable variableName="batchPageCounter" value="#[flowVars.batchPageCounter - 1]" doc:name="batch_Counter_deduction"/>
                <flow-ref name="dtp_batch_deals_while_loop" doc:name="while_loop"/>
            </when>
            <otherwise>
       			<logger message="DTP Batch :The loop Completed " level="INFO" doc:name="Logger"/>
            </otherwise>
        </choice>
   </flow>

<!-- UTILITY & COMMON END POINTS ENDS -->


	<flow name="post:/{countryCode}/unlockDeal:nlp-config">
		<logger level="INFO" message="start of unlock deal in TD. CTY_CODE = #[flowVars.countryCode]" />
		<set-variable variableName="eurekaId" value="TP-NLP-DATA-MS" doc:name="Variable"/>
		<flow-ref name="getServerInstance" doc:name="Server Instance Retrieval"/> 
		<http:request config-ref="tp-nlp-msConfig" path="/#[flowVars.countryCode]/getDealObjToUnlock" method="POST" doc:name="HTTP_NLP_DEALS">
			<http:request-builder>
			</http:request-builder>
			<http:success-status-code-validator
					values="200,201" />
		</http:request>
		<logger level="INFO" message="getDealWithoutExtn completed successfully calling unlock deal" />
		<transformer ref="jsonToCommObj" doc:name="Json to java obj"/>
		<set-variable variableName="flowType" value="UNLOCK-TD" />
		<set-variable variableName="tdApplicationReferenceId" value="#[payload.getBodySection('SCBOcrNlpDealDataObject').getStringValue('tdApplicationReferenceId')]"/>
		<set-variable variableName="regTimeMsStr" value="#[payload.getBodySection('SCBOcrNlpDealDataObject').getStringValue('regTimeMsStr')]"/>
		<set-variable variableName="customerid" value="#[payload.getBodySection('SCBOcrNlpDealDataObject').getStringValue('clientId')]"/>
		<set-variable variableName="productId" value="#[payload.getBodySection('SCBOcrNlpDealDataObject').getStringValue('productId')]"/>
		<set-variable variableName="countrycode" value="#[payload.getBodySection('SCBOcrNlpDealDataObject').getStringValue('country')]"/>
		<set-variable variableName="dealid" value="#[payload.getBodySection('SCBOcrNlpDealDataObject').getStringValue('dealId')]"/>
		<set-variable variableName="stepId" value="#[payload.getBodySection('SCBOcrNlpDealDataObject').getStringValue('stepId')]"/>
		<set-variable variableName="regtimestamp" value="#[payload.getBodySection('SCBOcrNlpDealDataObject').getStringValue('regTimeStamp')]"/>
		<set-variable variableName="systemCode" value="#[payload.getBodySection('SCBOcrNlpDealDataObject').getStringValue('systemCode')]"/>

		<set-variable variableName="digitizerStatus" value="#[payload.getBodySection('SCBOcrNlpDealDataObject').getStringValue('digitizerStatus')]"/>
		<set-variable variableName="requestStatus" value="#[payload.getBodySection('SCBOcrNlpDealDataObject').getStringValue('digitizerStatus')]"/>
		<set-variable variableName="loggerDealId" value="#[payload.getBodySection('SCBOcrNlpDealDataObject').getStringValue('dealId')]"/>

		<custom-transformer name="UnlockTDStatusMvmtTransformer" class="com.scb.ms.mule.transformer.SCBOcrNlpTDStatusMvmntTransformer" doc:name="HTTP_NLP_DEALS" />
		<flow-ref name="tdstatusmvmtflow" />
	</flow>

	<!-- Datacap Product Type Fetch Ends -->
	<!-- Author: Gopi End Point for Manual Rubberbanding -->
	<flow name="get:/{countryCode}/getRubberBandingRoles:nlp-config">
		<logger level="INFO" message="***getRubberBandingRoles***" />
		<logger level="INFO" message="CTY_CODE = #[flowVars.countryCode]***" />
		<logger level="INFO" message="CLIENT_ID = #[message.inboundProperties.'http.query.params'.clientId]***" />
		<logger level="INFO" message="dealId = #[message.inboundProperties.'http.query.params'.dealId]***" />
		<logger level="INFO" message="roleCode = #[message.inboundProperties.'http.query.params'.roleCode]***" />
		<logger level="INFO" message="roleDesc = #[message.inboundProperties.'http.query.params'.roleDesc]***" />
		<logger level="INFO" message="registerTS = #[message.inboundProperties.'http.query.params'.registerTS]***" />
		<logger level="INFO" message="systemCode = #[message.inboundProperties.'http.query.params'.systemCode]***" />
		<logger level="INFO" message="stepId = #[message.inboundProperties.'http.query.params'.stepId]***" />
		<set-variable variableName="eurekaId" value="TP-NLP-DATA-MS" doc:name="Variable"/>
		<flow-ref name="getServerInstance" doc:name="Server Instance Retrieval"/> 
		<http:request config-ref="tp-nlp-msConfig" path="/#[flowVars.countryCode]/getRubberBandingRoles" method="GET" doc:name="HTTP_NLP_DEALS">
			<http:request-builder>
				<http:query-param paramName="clientId" value="#[message.inboundProperties.'http.query.params'.clientId]"/>
				<http:query-param paramName="dealId" value="#[message.inboundProperties.'http.query.params'.dealId]"/>
				<http:query-param paramName="registerTS" value="#[message.inboundProperties.'http.query.params'.registerTS]"/>
				<http:query-param paramName="roleCode" value="#[message.inboundProperties.'http.query.params'.roleCode]"/>
				<http:query-param paramName="roleDescription" value="#[message.inboundProperties.'http.query.params'.roleDescription]"/>
				<http:query-param paramName="systemCode" value="#[message.inboundProperties.'http.query.params'.systemCode]"/>
				<http:query-param paramName="productId" value="#[message.inboundProperties.'http.query.params'.productId]"/>
				<http:query-param paramName="stepId" value="#[message.inboundProperties.'http.query.params'.stepId]"/>
			</http:request-builder>
			<http:success-status-code-validator
					values="200,201" />
		</http:request>
		<logger message="message #[message]" level="INFO" doc:name="Logger"/>
	</flow>
	<!-- Datacap Product Type Fetch starts -->
	<flow name="get:/{countryCode}/getproducttype:nlp-config">
		<logger level="INFO" message="get deal product Type ***" />
		<set-variable variableName="eurekaId" value="TP-NLP-DATA-MS" doc:name="Variable"/>
		<flow-ref name="getServerInstance" doc:name="Server Instance Retrieval"/> 
		<http:request config-ref="tp-nlp-msConfig" path="/#[flowVars.countryCode]/getproducttype" method="GET" doc:name="HTTP_NLP_DEALS">
			<http:request-builder>
				<http:query-param paramName="dealid" value="#[message.inboundProperties.'http.query.params'.dealid]"/>
				<http:query-param paramName="systemcode" value="#[message.inboundProperties.'http.query.params'.systemcode]"/>
				<http:query-param paramName="regtimestamp" value="#[message.inboundProperties.'http.query.params'.regtimestamp]"/>
				<http:query-param paramName="tdapplicationref" value="#[message.inboundProperties.'http.query.params'.tdapplicationref]"/>
			</http:request-builder>
			<http:success-status-code-validator
					values="200,201" />
		</http:request>
		<custom-transformer name="ProductTypeTransformer" class="com.scb.ms.mule.transformer.SCBOcrNlpProductTypeTransformer" doc:name="HTTP_NLP_DEALS" />
		<logger message="message #[message]" level="INFO" doc:name="Logger"/>
	</flow>
	
	<!-- get Deal Object -->
	<flow name="get:/{countryCode}/getDealById:nlp-config">
		<logger level="INFO" message="get deal object based on deal id and step id(optional)***" />
		<logger level="INFO" message="CTY_CODE = #[flowVars.countryCode]***" />
		<logger level="INFO" message="RULE_NAME = #[message.inboundProperties.'http.query.params'.dealId]***" />
		<set-variable variableName="eurekaId" value="TP-NLP-DATA-MS" doc:name="Variable"/>
		<flow-ref name="getServerInstance" doc:name="Server Instance Retrieval"/> 
		<http:request config-ref="tp-nlp-msConfig" path="/#[flowVars.countryCode]/getDealById" method="GET" doc:name="HTTP_NLP_DEALS">
			<http:request-builder>
				<http:query-param paramName="dealId" value="#[message.inboundProperties.'http.query.params'.dealId]"/>
				<http:query-param paramName="stepId" value="#[message.inboundProperties.'http.query.params'.stepId]"/>
			</http:request-builder>
			<http:success-status-code-validator
					values="200,201" />
		</http:request>
		<logger message="message #[message]" level="INFO" doc:name="Logger"/>
	</flow>
	
	<flow name="post:/{countryCode}/updatePageDetails:nlp-config">
		<logger level="INFO" message="update page details of the missed/main screen***" />
		<logger level="INFO" message="CTY_CODE = #[flowVars.countryCode]***" />
			<logger level="INFO" message="updatePageDetails Paylod*** - P:#[message.payloadAs(java.lang.String)]" />
		<set-variable variableName="eurekaId" value="TP-NLP-DATA-MS" doc:name="Variable"/>
		<flow-ref name="getServerInstance" doc:name="Server Instance Retrieval"/> 
		<http:request config-ref="tp-nlp-msConfig" path="/#[flowVars.countryCode]/updatePageDetails" method="POST" doc:name="HTTP_NLP_DEALS">
			<http:request-builder>
			<http:query-param paramName="isMainScreen" value="#[message.inboundProperties.'http.query.params'.isMainScreen]"/>
			</http:request-builder>
	<http:success-status-code-validator
					values="200,201" />
		</http:request>
		<logger message="message #[message]" level="INFO" doc:name="Logger"/>
	</flow>
	<!-- End of update page details -->
	<!-- get All Deal Objects -->
	<flow name="get:/{countryCode}/getAllDeals:nlp-config">
		<logger level="INFO" message="get all deal objects ***" />
		<set-variable variableName="eurekaId" value="TP-NLP-DATA-MS" doc:name="Variable"/>
		<flow-ref name="getServerInstance" doc:name="Server Instance Retrieval"/> 
		<http:request config-ref="tp-nlp-msConfig" path="/#[flowVars.countryCode]/getAllDeals" method="GET" doc:name="HTTP_NLP_DEALS">
			<http:request-builder>
				<http:query-param paramName="filterDealId" value="#[message.inboundProperties.'http.query.params'.filterDealId]"/>
				<http:query-param paramName="filterDate" value="#[message.inboundProperties.'http.query.params'.filterDate]"/>
			</http:request-builder>
			
			<http:success-status-code-validator
					values="200,201" />
		</http:request>
		<logger message="message #[message]" level="INFO" doc:name="Logger"/>
	</flow>
	<!-- End of get All Deal Objects configuration -->

	<!--  Approve/Delete role card-->
	<flow name="post:/{countryCode}/approveRoleCard:nlp-config">
		<logger level="INFO" message="approve or delete role card call***" />
		<logger level="INFO" message="approveRoleCard Paylod*** - P:#[message.payloadAs(java.lang.String)]" />
		<set-variable variableName="eurekaId" value="TP-NLP-DATA-MS" doc:name="Variable"/>
		<flow-ref name="getServerInstance" doc:name="Server Instance Retrieval"/> 
		<http:request config-ref="tp-nlp-msConfig" path="/#[flowVars.countryCode]/approveRoleCard" method="POST" doc:name="HTTP_NLP_DEALS">
			<http:request-builder>
			<http:query-param paramName="isDelete" value="#[message.inboundProperties.'http.query.params'.isDelete]"/>
			</http:request-builder>
	<http:success-status-code-validator
					values="200,201" />
		</http:request>
		<logger message="message #[message]" level="INFO" doc:name="Logger"/>
	</flow>
	
	<!--  NEW Flow Approve/Delete role card across deal-->
	<flow name="post:/{countryCode}/approveDealRoleCards:nlp-config">
		<logger level="INFO" message="check and approve role cards across whole deal call***" />
			<logger level="INFO" message="approveDealRoleCards Paylod*** - P:#[message.payloadAs(java.lang.String)]" />
		<set-variable variableName="eurekaId" value="TP-NLP-DATA-MS" doc:name="Variable"/>
		<flow-ref name="getServerInstance" doc:name="Server Instance Retrieval"/> 
		<http:request config-ref="tp-nlp-msConfig" path="/#[flowVars.countryCode]/approveDealRoleCards" method="POST" doc:name="HTTP_NLP_DEALS">
			<http:request-builder>
			<http:query-param paramName="isDelete" value="#[message.inboundProperties.'http.query.params'.isDelete]"/>
			</http:request-builder>
		<http:success-status-code-validator
					values="200,201" />
		</http:request>
		<logger message="message #[message]" level="INFO" doc:name="Logger"/>
	</flow>
	
	<!-- feed back template flow -->
	<flow name="post:/{countryCode}/createTemplate:nlp-config">
		<logger level="INFO" message="create template call***" />
		<logger level="INFO" message="CTY_CODE = #[flowVars.countryCode]***" />
		<set-variable variableName="eurekaId" value="TP-NLP-DATA-MS" doc:name="Variable"/>
		<flow-ref name="getServerInstance" doc:name="Server Instance Retrieval"/> 
		<http:request config-ref="tp-nlp-msConfig" path="/#[flowVars.countryCode]/createTemplate" method="POST" doc:name="HTTP_NLP_DEALS">
			<http:request-builder>
			</http:request-builder>
			<http:success-status-code-validator
					values="200,201" />
		</http:request>
		<logger message="message #[message]" level="INFO" doc:name="Logger"/>
	</flow>
	<!-- End of feed back template flow -->
	
	<!--  insert page sets for deal-->
	<flow name="post:/{countryCode}/insertPageSets:nlp-config">
		<logger level="INFO" message="insertPageSets for deal***" />
		<logger level="INFO" message="CTY_CODE = #[flowVars.countryCode]***" />
		<logger level="INFO" message="insertPageSets Paylod*** - P:#[message.payloadAs(java.lang.String)]" />
		<set-variable variableName="eurekaId" value="TP-NLP-DATA-MS" doc:name="Variable"/>
		<flow-ref name="getServerInstance" doc:name="Server Instance Retrieval"/> 
		<http:request config-ref="tp-nlp-msConfig" path="/#[flowVars.countryCode]/insertPageSets" method="POST" doc:name="HTTP_NLP_DEALS">
			<http:request-builder>
			</http:request-builder>
	<http:success-status-code-validator
					values="200,201" />
		</http:request>
		<logger message="message #[message]" level="INFO" doc:name="Logger"/>
	</flow>
	<!-- End of page sets for deal details -->
	
	<!--  Update stepId and get deal-->
	<flow name="post:/{countryCode}/updateAndGetDeal:nlp-config">
		<logger level="INFO" message="updateAndGetDeal***" />
		<logger level="INFO" message="CTY_CODE = #[flowVars.countryCode]***" />
		<logger level="INFO" message="updateAndGetDeal Paylod*** - P:#[message.payloadAs(java.lang.String)]" />
		<transformer ref="jsonToCommObj" doc:name="Json to java obj"/>
		<set-variable variableName="checkScreenName" value="#[payload.getBodySection('SCBOcrNlpUpDateGetDeal').getStringValue('screenName')]"/>
		<set-variable variableName="loggerDealId" value="#[payload.getBodySection('SCBOcrNlpUpDateGetDeal').getStringValue('dealId')]"/>
		<set-variable variableName="systemCode" value="#[payload.getBodySection('SCBOcrNlpUpDateGetDeal').getStringValue('systemCode')]"/>
		<set-variable variableName="dealReleased" value="N"/>
		<transformer ref="commObjToJson" doc:name="java obj to json"/>
		<set-variable variableName="eurekaId" value="TP-NLP-DATA-MS" doc:name="Variable"/>
		<flow-ref name="getServerInstance" doc:name="Server Instance Retrieval"/> 
		<http:request config-ref="tp-nlp-msConfig" path="/#[flowVars.countryCode]/updateAndGetDeal" method="POST" doc:name="HTTP_NLP_DEALS">
			<http:request-builder>
			</http:request-builder>
			<http:success-status-code-validator
					values="200,201" />
		</http:request>
		<logger message="message #[message]" level="INFO" doc:name="Logger"/>
		<logger level="INFO" message="#[flowVars.loggerDealId] - system Code #[flowVars.systemCode]" doc:name="Logger" />
        <logger level="INFO" message="#[flowVars.loggerDealId] - ScreenName #[flowVars.checkScreenName]" doc:name="Logger" />
        <choice doc:name="DTP only check ">
            <when expression="#[flowVars['systemCode']=='DTP' &amp;&amp; flowVars['checkScreenName']=='mainScreen' ]">
                <logger level="INFO" message="#[flowVars.loggerDealId] - DTP Deal Confirmed for Main Screen***" doc:name="Logger" />
                <set-variable variableName="originalResponsePayload" value="#[message.payloadAs(java.lang.String)]" />
				<custom-transformer name="SCBFetchDlObjTransformer" class="com.scb.ms.mule.transformer.SCBOcrNlpFetchDealObjectTransformer" doc:name="HTTP_NLP_DEALS" />
				<choice doc:name="DTP NonRelease Deals Only ">
					<when expression="#[flowVars['dealReleased']=='N' ]">
	                	<async doc:name="Async">
	            			<flow-ref name="adhocdtpfetchOldParties" doc:name="async-scopeAdhocDtpFlow"/>
	        			</async>
	        		</when>
	        		<otherwise>
                		<logger message="#[flowVars.loggerDealId] - DTP Deal is Released No need to Fetch" level="INFO" doc:name="Logger"/>
            		</otherwise>
            	</choice>
				<set-payload  mimeType="application/json" encoding="UTF-8" value= "#[flowVars.originalResponsePayload]" />
            </when>
            <otherwise>
                <logger message="#[flowVars.loggerDealId] - OTP Product or DTP Non Main Screen , No need to Fetch Records" level="INFO" doc:name="Logger"/>
            </otherwise>
        </choice>

	</flow>
	
	<flow name="adhocdtpfetchOldParties" processingStrategy="Adhoc_dtpfetch_Flow_Proc_Strategy">
		
		<set-variable variableName="tempPayload" value="#[message.payloadAs(java.lang.String)]" />
		<json:json-to-object-transformer returnClass="java.util.HashMap" doc:name="JSON to Object" />
        <set-variable variableName="loggerDealId" value="#[message.payload.dealid]" doc:name="Fetch Request" />
        <set-payload  mimeType="application/json" encoding="UTF-8" value= "#[flowVars.tempPayload]" />
        <logger level="INFO" message="#[flowVars.loggerDealId] - Fetch of Adhoc DTP Record Started***" doc:name="Logger" />
		<flow-ref name="dtpfetchOldParties" />
		<logger level="INFO" message="#[flowVars.loggerDealId] - Fetch of Adhoc DTP Record Completed***" doc:name="Logger" />
	</flow>
	<!-- End of Update stepId and get deal -->
	
	<flow name="get:/{countryCode}/getInvoiceList:nlp-config">
		<logger level="INFO" message="get Invoice Numbers from The OTP System" />
		<logger level="INFO" message="CTY_CODE = #[flowVars.countryCode]***" />
		<logger level="INFO" message="DEAL_ID = #[message.inboundProperties.'http.query.params'.dealId]***" />
		<logger level="INFO" message="CLIENT_ID = #[message.inboundProperties.'http.query.params'.clientId]***" />
		
		<set-variable variableName="dealId" value="#[message.inboundProperties.'http.query.params'.dealId]" doc:name="Save Request" />
		<set-variable variableName="clientId" value="#[message.inboundProperties.'http.query.params'.clientId]" doc:name="Save Request" />
		
		<logger level="INFO" message="dealId = #[flowVars.dealId]*** Flowvars Deal" />
		<logger level="INFO" message="dealId = #[dealId]******************Plain Deal" />
		
		<objectstore:retrieve config-ref="ObjectStore" key="technicalToken" targetProperty="tokenProperty" doc:name="Get value from ObjectStore" />

		<set-variable variableName="EXTERNALSYSTEMENABLED" value="${external.api.enabled}"/>
		<logger level="INFO" message="#[flowVars.loggerDealId] - EXTERNALSYSTEMENABLED : #[flowVars.EXTERNALSYSTEMENABLED]" doc:name="Logger" />
		<choice doc:name="Check Outgoing flag">
        <when expression="#[flowVars.EXTERNALSYSTEMENABLED == true]">
			<until-successful maxRetries="${api.retry.attempts}" failureExpression="#[header:INBOUND:http.status == 500] || #[header:INBOUND:http.status == 502] " doc:name="Until Successful" millisBetweenRetries="${api.retry.waitperiod}" synchronous="true">
				<http:request config-ref="tp-external-msConfig" path="/#[clientId]/bookingcountries/#[flowVars.countryCode]/analytics/documents" method="GET" doc:name="HTTP_NLP_DEALS">
					<http:request-builder>
						<http:header headerName="Content-Type" value="application/json" />
		               	<http:header headerName="Authorization" value="#[tokenProperty]" />
		               	<http:query-param paramName="dealid" value="#[dealId]"/>
					</http:request-builder>
					<http:success-status-code-validator
							values="200,201,400" />
				</http:request>
			</until-successful>
		</when>
			<otherwise>
				<logger level="INFO" message="dealId = #[flowVars.dealId] Outgoing Call Disabled" />
			</otherwise>
		</choice>
		<logger message="message #[message.payload]" level="INFO" doc:name="Logger"/>  
	</flow>
	
	<!--  processed template feedback handler starts -->
	<flow name="post:/nlpauth/{countryCode}/processedtemplatefeedbackhandler:nlp-config" >
		<logger message="Entry endpoint post:/{countrycode}/processedtemplatefeedbackhandler:nlp-config. P:#[message.payloadAs(java.lang.String)]. HTTP_ID:#[headers:INBOUND:*]" level="INFO" doc:name="initiate nlp Logger:Post Req" />
	  	<set-variable variableName="accessPriv" value="RW" doc:name="Variable" />
	  	<flow-ref name="auth-filter-subflow" doc:name="auth-filter-subflow"/>
		<custom-transformer name="SCBAuthProcessedTemplateFeedbackTransformer" class="com.scb.ms.mule.transformer.SCBOcrNlpProcessedTemplateFeedbackTransformer" doc:name="HTTP_NLP_DEALS">
			<spring:property name="transformerType" value="SCBProcessedTemplateFeedbackCommObjRequest" />
		</custom-transformer>
		<set-variable variableName="eurekaId" value="TP-NLP-DATA-MS" doc:name="Variable"/>
		<flow-ref name="getServerInstance" doc:name="Server Instance Retrieval"/> 
		<http:request config-ref="tp-nlp-msConfig" path="/#[flowVars.countryCode]/processedTemplateFeedbackHandler" method="POST" doc:name="HTTP_NLP_DEALS">
			<http:success-status-code-validator values="200,201"/>
		</http:request>
		<logger message="Completed processedTemplateFeedbackHandler call successfully" />
	</flow>
	<!--  End of processed template feedback handler-->
	
	
		<!-- UPDATE OF DEAL STATUS & DIGITIZER STATUS IN SUBMIT FLOW -->
	<sub-flow name="updatefinaldealflow">
		<logger message="#[flowVars.loggerDealId] - updatedealflow starts" level="INFO" doc:name="Logger"/>
        <set-variable variableName="eurekaId" value="TP-NLP-DATA-MS" doc:name="Variable"/>
		<flow-ref name="getServerInstance" doc:name="Server Instance Retrieval"/> 
        <http:request config-ref="tp-nlp-msConfig" path="/#[flowVars.countrycode]/updateFinalDealResponse" method="POST" doc:name="HTTP_NLP_DEALS">
			<http:request-builder>
			</http:request-builder>
			<http:success-status-code-validator
					values="200,201" />
		</http:request>
		
		<set-variable variableName="isEmailEnabled" value="${email.config.enabled}" />
		<set-variable variableName="emailReceiver" value="${email.config.emailReceiver}" />
		<set-variable variableName="emailSender" value="${email.config.emailSender}" />
		<logger message="#[flowVars.loggerDealId] - Email is enabled = #[flowVars.isEmailEnabled], emailReceiver = #[flowVars.emailReceiver] :: emailSender = #[flowVars.emailSender]" level="INFO" doc:name="Logger" />
		<choice>		
			<when expression="#[flowVars.isEmailEnabled == true]">
				<logger message="#[flowVars.loggerDealId] - Email is enabled" level="INFO" doc:name="Logger" />	
			
				<transformer ref="jsonToCommObj" doc:name="Json to java obj"/>
				<custom-transformer name="SCBToSendMailTransformer" class="com.scb.ms.mule.transformer.SCBOcrNlpToSendMailTransformer" doc:name="HTTP_NLP_DEALS" />				
			    
			    <until-successful maxRetries="${api.retry.attempts}" failureExpression="#[header:INBOUND:http.status == 500] || #[header:INBOUND:http.status == 502] " doc:name="Until Successful" millisBetweenRetries="${api.retry.waitperiod}" synchronous="true">
				    <http:request config-ref="tp-util-msConfig" path="/emailsender" method="POST" doc:name="HTTP_NLP_DEALS">
						<http:request-builder>
						</http:request-builder>
					<http:success-status-code-validator
								values="200,201" />
					</http:request>
				</until-successful>	
			</when>
			<otherwise>
             	<logger message="#[flowVars.loggerDealId] - Email is disabled" level="INFO" doc:name="Logger"/>
         	</otherwise> 
        </choice>
		<logger message="#[flowVars.loggerDealId] - Complete updatedealflow and document content as a response for nlp deal data !!"/>
	</sub-flow>	
	
	<!-- TD STATUS MOVEMENT GENERIC FLOW (USED BY FORWARD & SUBMIT ) -->
	<flow name="tdstatusmvmtflow" processingStrategy = "synchronous">
		<logger message="#[flowVars.loggerDealId] - td status movement starts" level="INFO" doc:name="initiate nlp Logger:Post Req" />
        <objectstore:retrieve config-ref="ObjectStore" key="technicalToken" targetProperty="tokenProperty" doc:name="Get value from ObjectStore" />  
        <logger	message="#[flowVars.loggerDealId] - /  P:#[flowVars.dealid]. #[flowVars.customerid] . #[flowVars.countrycode]" level="INFO" doc:name="initiate nlp Logger:Post Req" />
        <logger	message="#[flowVars.loggerDealId] - url ::  P:/#[flowVars.customerid]/bookingcountries/#[flowVars.countrycode]/utilities/transactions/#[flowVars.dealid]/status-movement" level="INFO" doc:name="initiate nlp Logger:Post Req" />
		<logger	message="#[flowVars.loggerDealId] - StatusMvmnt Request ::  P:#[message.payloadAs(java.lang.String)]." level="INFO" doc:name="initiate nlp Logger:Post Req" />
		
		<!-- TD STATUS MOVEMENT Retry Call -->
		<set-variable variableName="EXTERNALSYSTEMENABLED" value="${external.api.enabled}"/>
		<logger level="INFO" message="#[flowVars.loggerDealId] - EXTERNALSYSTEMENABLED : #[flowVars.EXTERNALSYSTEMENABLED]" doc:name="Logger" />
		<choice doc:name="Check Outgoing flag">
        <when expression="#[flowVars.EXTERNALSYSTEMENABLED == true]">
			<until-successful maxRetries="${api.retry.attempts}" failureExpression="#[header:INBOUND:http.status == 500] || #[header:INBOUND:http.status == 502] " doc:name="Until Successful" millisBetweenRetries="${api.retry.waitperiod}" synchronous="true">
				<http:request config-ref="tp-external-msConfig" path="/#[flowVars.customerid]/bookingcountries/#[flowVars.countrycode]/utilities/transactions/#[flowVars.dealid]/status-movement" method="PATCH" doc:name="HTTP_NLP_DEALS">
					<http:request-builder> 
		            	<http:header headerName="Content-Type" value="application/json" /> 
		                <http:header headerName="Authorization" value="#[tokenProperty]" />
		            </http:request-builder> 
		 			<http:success-status-code-validator values="200,201"/>
				</http:request>
			</until-successful>
			<set-variable variableName="forwardTdStatusCallStatus" value="SUCC"/>
			<set-variable variableName="submitTdStatusCallStatus" value="SUCC"/>
		</when>
			<otherwise>
				<logger level="INFO" message="#[flowVars.loggerDealId] - StatusMvmnt Outgoing Call Disabled" />
			</otherwise>
		</choice>
		
		<logger	message="#[flowVars.loggerDealId] - StatusMvmnt Response ::  P:#[message.payloadAs(java.lang.String)]." level="INFO" doc:name="initiate nlp Logger:Post Req" />
        <logger message="#[flowVars.loggerDealId] - Complete td status movement end !!"/>
        <catch-exception-strategy doc:name="STATUS Catch Exception Strategy">
		   <logger message="#[flowVars.loggerDealId] - Failure in tdstatusmvmtflow #[exception]" level="INFO" doc:name="Logger" />
		   <logger	message="#[flowVars.loggerDealId] - StatusMvmnt Response :: #[exception] P:#[message.payloadAs(java.lang.String)]." level="INFO" doc:name="initiate nlp Logger:Post Req" />
		   <set-variable variableName="forwardTdStatusCallStatus" value="FAIL"/>
		   <set-variable variableName="submitTdStatusCallStatus" value="FAIL"/>
		</catch-exception-strategy>
	</flow>

	<!-- TD STAGE MOVEMENT GENERIC FLOW (USED BY FORWARD & SUBMIT ) -->
	<flow name="tdstagemovmntflow" processingStrategy = "synchronous">
		<logger message="#[flowVars.loggerDealId] - tdStage Movement starts" />
        <objectstore:retrieve config-ref="ObjectStore" key="technicalToken" targetProperty="tokenProperty" doc:name="Get value from ObjectStore" />  
		<logger	message="#[flowVars.loggerDealId] - stageMvmnt Request ::  P:#[message.payloadAs(java.lang.String)]." level="INFO" doc:name="initiate nlp Logger:Post Req" />
		<!-- TD STAGE Retry Call -->
		<set-variable variableName="EXTERNALSYSTEMENABLED" value="${external.api.enabled}"/>
		<logger level="INFO" message="#[flowVars.loggerDealId] - EXTERNALSYSTEMENABLED : #[flowVars.EXTERNALSYSTEMENABLED]" doc:name="Logger" />
		<choice doc:name="Check Outgoing flag">
        <when expression="#[flowVars.EXTERNALSYSTEMENABLED == true]">
			<until-successful maxRetries="${api.retry.attempts}" failureExpression="#[header:INBOUND:http.status == 500] || #[header:INBOUND:http.status == 502] " doc:name="Until Successful" millisBetweenRetries="${api.retry.waitperiod}" synchronous="true">
				<http:request config-ref="tp-external-msConfig" path="/#[flowVars.customerid]/bookingcountries/#[flowVars.countrycode]/utilities/transactions/#[flowVars.dealid]/stage-movement" method="PATCH" doc:name="HTTP_NLP_DEALS">
					<http:request-builder> 
		            	<http:header headerName="Content-Type" value="application/json" /> 
		                <http:header headerName="Authorization" value="#[tokenProperty]" />
		            </http:request-builder> 
					<http:success-status-code-validator values="200,201"/>
				</http:request>
			</until-successful>
			<set-variable variableName="forwardTdStageCallStatus" value="SUCC"/>
			<set-variable variableName="submitTdStageCallStatus" value="SUCC"/>
		</when>
			<otherwise>
				<logger level="INFO" message="#[flowVars.loggerDealId] - stageMvmnt Outgoing Call Disabled" />
			</otherwise>
		</choice>
		<logger	message="#[flowVars.loggerDealId] - stageMvmnt Response ::  P:#[message.payloadAs(java.lang.String)]." level="INFO" doc:name="initiate nlp Logger:Post Req" />
        <logger message="#[flowVars.loggerDealId] - Complete Td Stage Movement and document content as a response for nlp deal data !!"/>
        <catch-exception-strategy doc:name="STAGE Catch Exception Strategy">
		   <logger message="#[flowVars.loggerDealId] - Failure in stageMvmnt #[exception]" level="INFO" doc:name="Logger" />
		   <logger message="#[flowVars.loggerDealId] - stageMvmnt Response :: #[exception] P:#[message.payloadAs(java.lang.String)]." level="INFO" doc:name="initiate nlp Logger:Post Req" />
		   <set-variable variableName="forwardTdStageCallStatus" value="FAIL"/>
		   <set-variable variableName="submitTdStageCallStatus" value="SUCC"/>
		</catch-exception-strategy>
	</flow>
	
	<flow name="get:/generateCountryVariantsReport:nlp-config">
		<logger level="INFO" message="get roleCard Summary Log based on submission date***" />
		<logger level="INFO" message="submissionDate = #[message.inboundProperties.'http.query.params'.submissionDate]***" />
		<set-variable variableName="eurekaId" value="TP-NLP-DATA-MS" doc:name="Variable"/>
		<flow-ref name="getServerInstance" doc:name="Server Instance Retrieval"/> 
		<http:request config-ref="tp-nlp-msConfig" path="/generateCountryVariantsReport" method="GET" doc:name="HTTP_NLP_DEALS">
			<http:request-builder>
				<http:query-param paramName="submissionDate" value="#[message.inboundProperties.'http.query.params'.submissionDate]"/>
			</http:request-builder>
			<http:success-status-code-validator
					values="200,201" />
		</http:request>
		<logger message="message #[message]" level="INFO" doc:name="Logger"/>
	</flow>
	
	<!-- Start captureScreenTime ideal Time flow-->
	<flow name="post:/{countryCode}/captureScreenTime:nlp-config">
		<logger level="INFO" message="TP Web page captureScreenTime****" />
		<logger level="INFO" message="CTY_CODE = #[flowVars.countryCode]***" />
		<set-variable variableName="eurekaId" value="TP-NLP-DATA-MS" doc:name="Variable"/>
		<flow-ref name="getServerInstance" doc:name="Server Instance Retrieval"/> 
		<http:request config-ref="tp-nlp-msConfig" path="/#[flowVars.countryCode]/captureScreenTime" method="POST" doc:name="HTTP_NLP_DEALS">
			<http:request-builder>
			</http:request-builder>
			<http:success-status-code-validator
					values="200,201" />
		</http:request>
		<logger message="message #[message]" level="INFO" doc:name="Logger"/>
	</flow>
	<!-- End of captureScreenTime ideal Time flow -->
	
	<!--  Start of getDealPageTextCoordinates flow-->
	<flow name="post:/{countryCode}/getDealPageTextCoordinates:nlp-config">
		<logger level="INFO" message="getDealPageTextCoordinates***" />
		<logger level="INFO" message="CTY_CODE = #[flowVars.countryCode]***" />
		<set-variable variableName="eurekaId" value="TP-NLP-DATA-MS" doc:name="Variable"/>
		<flow-ref name="getServerInstance" doc:name="Server Instance Retrieval"/> 
		<http:request config-ref="tp-nlp-msConfig" path="/#[flowVars.countryCode]/getDealPageTextCoordinates" method="POST" doc:name="HTTP_NLP_DEALS">
			<http:request-builder>
			</http:request-builder>
	<http:success-status-code-validator
					values="200,201" />
		</http:request>
		<logger message="message #[message]" level="INFO" doc:name="Logger"/>
	</flow>	
	<!-- End of getDealPageTextCoordinates flow -->
	

	<!--  NEW Flow for Save Data Entry Fields  -->
	<flow name="post:/{countryCode}/saveDataEntryFields:nlp-config">
		<logger level="INFO" message="approveDataEntryFields***" />
			<logger level="INFO" message="approveDataEntryFields Paylod*** - P:#[message.payloadAs(java.lang.String)]" />
			<set-variable variableName="eurekaId" value="TP-NLP-DATA-MS" doc:name="Variable"/>
		<flow-ref name="getServerInstance" doc:name="Server Instance Retrieval"/>
		<http:request config-ref="tp-nlp-msConfig" path="/#[flowVars.countryCode]/saveDataEntryFields" method="POST" doc:name="HTTP_NLP_DEALS">
			<http:request-builder>
			</http:request-builder>
		<http:success-status-code-validator
					values="200,201" />
		</http:request>
	
		<logger message="message #[message]" level="INFO" doc:name="Logger"/>
	</flow>
	
	<!-- Start Excel download Excel for Audit flow-->
	<flow name="post:/{countryCode}/downloadAuditExcel:nlp-config">
		<logger level="INFO" message="**** Start downloadAuditExcel flow *********" />
		<logger level="INFO" message="downloadAuditExcel Paylod*** - P:#[message.payloadAs(java.lang.String)]" />
		<set-variable variableName="eurekaId" value="TP-NLP-DATA-MS" doc:name="Variable"/>
		<flow-ref name="getServerInstance" doc:name="Server Instance Retrieval"/>
		<http:request config-ref="tp-nlp-msConfig" path="/#[flowVars.countryCode]/downloadAuditExcel" method="POST" doc:name="HTTP_NLP_DEALS">
			<http:request-builder>
			</http:request-builder>
			<http:success-status-code-validator
					values="200,201" />
		</http:request>
		<logger message="message #[message]" level="INFO" doc:name="Logger"/>		
	</flow>			

	<!-- DTP FETCH RECORDS FOR DEALS USED BOTH IN FORWARD & SUBMIT TIMES -->
    <flow name="dtpfetchOldParties" processingStrategy = "synchronous">
        <logger level="INFO" message="#[flowVars.loggerDealId] - Fetch of DTP Record Started***" doc:name="Logger" />

        <logger message="#[flowVars.loggerDealId] - DT Fetch Old Parties Request - P:#[message.payloadAs(java.lang.String)]" level="INFO" doc:name="Logger" />
        <json:json-to-object-transformer returnClass="java.util.HashMap" doc:name="JSON to Object" />
        <set-variable variableName="countrycode" value="#[message.payload.countrycode]" doc:name="Fetch Request" />
        <set-variable variableName="customerid" value="#[message.payload.customerid]" doc:name="Fetch Request" />
        <set-variable variableName="dealid" value="#[message.payload.dealid]" doc:name="Fetch Request" />
        <set-variable variableName="regtimestamp" value="#[message.payload.regtimestamp]" doc:name="Fetch Request" />
        <set-variable variableName="productId" value="#[message.payload.productId]" doc:name="Fetch Request" />
        <set-variable variableName="stepId" value="#[message.payload.stepId]" doc:name="Fetch Request" />
        <set-variable variableName="tdApplicationReferenceId" value="#[message.payload.tdApplicationReferenceId]" doc:name="Fetch Request" />
        <set-variable variableName="flowType" value="#[message.payload.flowType]" doc:name="Fetch Request" />
        <set-variable variableName="dtpBatchWindow" value="#[message.payload.dtpBatchWindow]" doc:name="Fetch Request" />
        <set-variable variableName="forwardTpCallStatus" value="INIT"/>
        <set-variable variableName="submitTpSyncStatus" value="INIT"/>
        
        <choice doc:name="DTP Batch Window check ">
        	<when expression="#[flowVars['dtpBatchWindow']=='NO' &amp;&amp; flowVars.flowType == 'FORWARD'  ]">
        		<set-variable variableName="tpForwardFlowStartTime" value="#[server.dateTime.format('dd-MMM-yyyy HH:mm:ss')]" />
        		<flow-ref name="dtpfetchCall" />
        		<set-variable variableName="tpForwardFlowEndTime" value="#[server.dateTime.format('dd-MMM-yyyy HH:mm:ss')]" />
        		<set-variable variableName="submitTpSyncStatus" value="INIT"/>
        	</when>
        	<when expression="#[flowVars['dtpBatchWindow']=='YES' &amp;&amp; flowVars.flowType == 'FORWARD' &amp;&amp; (flowVars['stepId'] contains 'ISS') ]">
        	    <set-variable variableName="forwardTpCallStatus" value="NAPP"/>
        	    <set-variable variableName="submitTpSyncStatus" value="INIT"/>
                <logger message="#[flowVars.loggerDealId] - DTP Batch Mode Offline Processing allowed for ISS Steps" level="INFO" doc:name="Logger"/>
        	</when>
        	<when expression="#[flowVars['dtpBatchWindow']=='YES' &amp;&amp; flowVars.flowType == 'FORWARD' &amp;&amp; !(flowVars['stepId'] contains 'ISS') ]">
        	    <set-variable variableName="forwardTpCallStatus" value="BWIN"/>
        	    <set-variable variableName="submitTpSyncStatus" value="INIT"/>
                <logger message="#[flowVars.loggerDealId] - DTP Batch Mode Offline Processing Not allowed for NON-ISS Steps" level="INFO" doc:name="Logger"/>
        	</when>
        	<when expression="#[flowVars['dtpBatchWindow']=='NO' &amp;&amp; flowVars.flowType == 'FORWARD-DTP-BATCH'  ]">
        		<set-variable variableName="tpForwardFlowStartTime" value="#[server.dateTime.format('dd-MMM-yyyy HH:mm:ss')]" />
        		<flow-ref name="dtpfetchCall" />
        		<set-variable variableName="tpForwardFlowEndTime" value="#[server.dateTime.format('dd-MMM-yyyy HH:mm:ss')]" />
        		<set-variable variableName="submitTpSyncStatus" value="INIT"/>
        	</when>
        	<when expression="#[flowVars['dtpBatchWindow']=='NO' &amp;&amp; flowVars.flowType == 'DTP-SUBMIT-SYNC'  ]">
        		<logger message="#[flowVars.loggerDealId] - DTP Submit Sync initiated" level="INFO" doc:name="Logger"/>
        		<flow-ref name="dtpfetchCall" />
        		<set-variable variableName="forwardTpCallStatus" value="INIT"/>
        	</when>
        	<when expression="#[flowVars['dtpBatchWindow']=='NO' &amp;&amp; flowVars.flowType == 'DTP-ADHOC-SYNC'  ]">
        		<logger message="#[flowVars.loggerDealId] - DTP Adhoc Refresh initiated" level="INFO" doc:name="Logger"/>
        		<flow-ref name="dtpfetchCall" />
        	</when>        	
        	<otherwise>
				<logger message="#[flowVars.loggerDealId] - Otherwise Step" level="INFO" doc:name="Logger"/>
        	</otherwise>
        </choice>
        <custom-transformer name="DTPPartiesToNLPTransformer" class="com.scb.ms.mule.transformer.SCBOcrNlpDTPPartiesToNLPTransformer" doc:name="HTTP_NLP_DEALS" />
       <set-variable variableName="eurekaId" value="TP-NLP-DATA-MS" doc:name="Variable"/>
		<flow-ref name="getServerInstance" doc:name="Server Instance Retrieval"/> 
        <http:request config-ref="tp-nlp-msConfig" path="/#[flowVars.countrycode]/updateolddtpparties" method="POST" doc:name="HTTP_NLP_DEALS">
            <http:request-builder></http:request-builder>
            <http:success-status-code-validator
					values="200,201" />
        </http:request>
        <logger message="#[flowVars.loggerDealId] - completed update of dtp parties message #[message]" level="INFO" doc:name="Logger"/>
	    <choice doc:name="dtp_batch_trigger">
			<when expression="#[flowVars.flowType == 'FORWARD-DTP-BATCH' ]">
		        <custom-transformer name="NLPForwardDtpBatchFinalTransformer" class="com.scb.ms.mule.transformer.SCBOcrNlpFinalDealUpdateTransformer" doc:name="HTTP_NLP_DEALS" />
		        <flow-ref name="updatefinaldealflow"/>
		        <logger message="#[flowVars.loggerDealId] - message #[message]" level="INFO" doc:name="Logger"/>
        	</when>
			<otherwise>
				<logger level="INFO" message="#[flowVars.loggerDealId] : Forward flow Type Not Batch Window trigger " doc:name="Logger" />
			</otherwise>
		</choice>
        <catch-exception-strategy doc:name="DTP Fetch Catch Exception Strategy">
            <logger message="#[flowVars.loggerDealId] - Failure in fetching and updating of old dtp parties #[exception] - P:#[message.payloadAs(java.lang.String)]" level="ERROR" doc:name="Logger" />
        </catch-exception-strategy>
    </flow>
    
    
    <flow name="dtpfetchCall" processingStrategy = "synchronous">
        <logger level="INFO" message="#[flowVars.loggerDealId] - Fetch of DTP Record From DTP system call started***" doc:name="Logger" />
        <objectstore:retrieve config-ref="ObjectStore" key="technicalToken" targetProperty="tokenProperty" doc:name="Get value from ObjectStore" />
        
		<set-variable variableName="EXTERNALSYSTEMENABLED" value="${external.api.enabled}"/>
		<logger level="INFO" message="#[flowVars.loggerDealId] - EXTERNALSYSTEMENABLED : #[flowVars.EXTERNALSYSTEMENABLED]" doc:name="Logger" />
		<choice doc:name="Check Outgoing flag">
        <when expression="#[flowVars.EXTERNALSYSTEMENABLED == true]">      
	        <until-successful maxRetries="${api.retry.attempts}" failureExpression="#[header:INBOUND:http.status == 500] || #[header:INBOUND:http.status == 502] " doc:name="Until Successful" millisBetweenRetries="${api.retry.waitperiod}" synchronous="true">
	            <http:request config-ref="tp-external-msConfig" path="/#[flowVars.customerid]/bookingcountries/#[flowVars.countrycode]/productgroups/bbf/deals/#[flowVars.dealid]/parties" method="GET" doc:name="HTTP_NLP_DEALS">
	                <http:request-builder>
	                    <http:header headerName="Content-Type" value="application/json" />
	                    <http:header headerName="Authorization" value="#[tokenProperty]" />
	                </http:request-builder>
	                <http:success-status-code-validator
							values="200,201,404" />
	            </http:request>
	        </until-successful>
	        <set-variable variableName="forwardTpCallStatus" value="SUCC"/>
	        <set-variable variableName="submitTpSyncStatus" value="SUCC"/>
		</when>
			<otherwise>
				<logger level="INFO" message="#[flowVars.loggerDealId] - Fetch of DTP Outgoing Call Disabled" />
			</otherwise>
		</choice>
		        
        <logger message="#[flowVars.loggerDealId] - DT Fetch Old Parties Response - P:#[message.payloadAs(java.lang.String)]" level="INFO" doc:name="Logger" />
        <logger level="INFO" message="#[flowVars.loggerDealId] - Fetch of DTP Record From DTP system call ended***" doc:name="Logger" />
        <catch-exception-strategy doc:name="DTP fetch call Catch Exception Strategy">
            <logger message="#[flowVars.loggerDealId] - Failure in fetching old dtp parties #[exception] - P:#[message.payloadAs(java.lang.String)]" level="ERROR" doc:name="Logger" />
            <set-variable variableName="forwardTpCallStatus" value="FAIL"/>
            <set-variable variableName="submitTpSyncStatus" value="FAIL"/>
            <set-payload value="" mimeType="application/json" encoding="UTF-8"/>
        </catch-exception-strategy>
    </flow>
    
    <flow name="adhocStatusUpdate" processingStrategy = "synchronous">
		<logger message="#[flowVars.loggerDealId] - start of adhocStatusUpdate of deal in TD***" level="INFO" doc:name="Logger" />
		<set-variable variableName="eurekaId" value="TP-NLP-DATA-MS" doc:name="Variable"/>
		<flow-ref name="getServerInstance" doc:name="Server Instance Retrieval"/> 
		<http:request config-ref="tp-nlp-msConfig" path="/#[flowVars.countryCode]/updateFetchDealForAdhocStatus" method="POST" doc:name="HTTP_NLP_DEALS">
			<http:request-builder>
			</http:request-builder>
			<http:success-status-code-validator
					values="200,201" />
		</http:request>
		<logger message="#[flowVars.loggerDealId] - getDeal completed successfully calling Adhock Update deal" level="INFO" doc:name="Logger" />
		<transformer ref="jsonToCommObj" doc:name="Json to java obj"/>
		<set-variable variableName="flowType" value="DTP-SUBMIT-SYNC" />
		<set-variable variableName="tdApplicationReferenceId" value="#[payload.getBodySection('SCBOcrNlpDealDataObject').getStringValue('tdApplicationReferenceId')]"/>
		<set-variable variableName="regTimeMsStr" value="#[payload.getBodySection('SCBOcrNlpDealDataObject').getStringValue('regTimeMsStr')]"/>
		<set-variable variableName="customerid" value="#[payload.getBodySection('SCBOcrNlpDealDataObject').getStringValue('clientId')]"/>
		<set-variable variableName="productId" value="#[payload.getBodySection('SCBOcrNlpDealDataObject').getStringValue('productId')]"/>
		<set-variable variableName="countrycode" value="#[payload.getBodySection('SCBOcrNlpDealDataObject').getStringValue('country')]"/>
		<set-variable variableName="dealid" value="#[payload.getBodySection('SCBOcrNlpDealDataObject').getStringValue('dealId')]"/>
		<set-variable variableName="stepId" value="#[payload.getBodySection('SCBOcrNlpDealDataObject').getStringValue('stepId')]"/>
		<set-variable variableName="regtimestamp" value="#[payload.getBodySection('SCBOcrNlpDealDataObject').getStringValue('regTimeStamp')]"/>
		<set-variable variableName="systemCode" value="#[payload.getBodySection('SCBOcrNlpDealDataObject').getStringValue('systemCode')]"/>

		<set-variable variableName="digitizerStatus" value="#[payload.getBodySection('SCBOcrNlpDealDataObject').getStringValue('digitizerStatus')]"/>
		<set-variable variableName="requestStatus" value="#[payload.getBodySection('SCBOcrNlpDealDataObject').getStringValue('digitizerStatus')]"/>
		<set-variable variableName="loggerDealId" value="#[payload.getBodySection('SCBOcrNlpDealDataObject').getStringValue('dealId')]"/>

		<custom-transformer name="adhockTDStatusMvmtTransformer" class="com.scb.ms.mule.transformer.SCBOcrNlpTDStatusMvmntTransformer" doc:name="HTTP_NLP_DEALS" />
		<flow-ref name="tdstatusmvmtflow" />
	</flow>
	
		<!-- DEAL BANNER STATUS UPDATE ENDPOINT -->
	<flow name="post:/{countryCode}/dealbannerstatusupdate:nlp-config">
		<logger level="INFO" message="Deal Banner Status Update***" />
		<logger level="INFO" message="CTY_CODE = #[flowVars.countryCode]***" />
		<set-variable variableName="eurekaId" value="TP-NLP-DATA-MS" doc:name="Variable"/>
		<flow-ref name="getServerInstance" doc:name="Server Instance Retrieval"/> 
		<http:request config-ref="tp-nlp-msConfig" path="/#[flowVars.countryCode]/updateDealStatusForBanner" method="POST" doc:name="HTTP_NLP_DEALS">
			<http:request-builder>
			</http:request-builder>
			<http:success-status-code-validator
					values="200,201" />
		</http:request>
		<logger message="message #[message]" level="INFO" doc:name="Logger"/>
	</flow>
	
	<!-- Strat of deal page approval -->
	<flow name="post:/{countryCode}/approveDealPage:nlp-config">
		<logger level="INFO" message="update page approval status of the main screen***" />
		<logger level="INFO" message="CTY_CODE = #[flowVars.countryCode]***" />
			<logger level="INFO" message="deal page approval Paylod*** - P:#[message.payloadAs(java.lang.String)]" />
		<set-variable variableName="eurekaId" value="TP-NLP-DATA-MS" doc:name="Variable"/>
		<flow-ref name="getServerInstance" doc:name="Server Instance Retrieval"/> 
		<http:request config-ref="tp-nlp-msConfig" path="/#[flowVars.countryCode]/approveDealPage" method="POST" doc:name="HTTP_NLP_DEALS">
			<http:request-builder>
			</http:request-builder>
	<http:success-status-code-validator
					values="200,201" />
		</http:request>
		<logger message="message #[message]" level="INFO" doc:name="Logger"/>
	</flow>
	<!-- End of deal page approval -->
</mule>