<?xml version="1.0" encoding="UTF-8"?>
<mule xmlns:doc="http://www.mulesoft.org/schema/mule/documentation"
	xmlns:objectstore="http://www.mulesoft.org/schema/mule/objectstore" 
	xmlns="http://www.mulesoft.org/schema/mule/core" 
	xmlns:apikit="http://www.mulesoft.org/schema/mule/apikit" 
	xmlns:http="http://www.mulesoft.org/schema/mule/http" 
	xmlns:spring="http://www.springframework.org/schema/beans" 
	xmlns:context="http://www.springframework.org/schema/context"	
	xmlns:json="http://www.mulesoft.org/schema/mule/json"
	xmlns:xsi="http://www.w3.org/2001/XMLSchema-instance" 
	xmlns:vm="http://www.mulesoft.org/schema/mule/vm"
	xsi:schemaLocation="http://www.mulesoft.org/schema/mule/core http://www.mulesoft.org/schema/mule/core/current/mule.xsd
	http://www.mulesoft.org/schema/mule/objectstore http://www.mulesoft.org/schema/mule/objectstore/current/mule-objectstore.xsd
	http://www.mulesoft.org/schema/mule/http http://www.mulesoft.org/schema/mule/http/current/mule-http.xsd
	http://www.mulesoft.org/schema/mule/json http://www.mulesoft.org/schema/mule/json/current/mule-json.xsd
	http://www.springframework.org/schema/context http://www.springframework.org/schema/context/spring-context-current.xsd
	http://www.mulesoft.org/schema/mule/apikit http://www.mulesoft.org/schema/mule/apikit/current/mule-apikit.xsd
	http://www.springframework.org/schema/beans http://www.springframework.org/schema/beans/spring-beans-3.1.xsd
	http://www.mulesoft.org/schema/mule/vm http://www.mulesoft.org/schema/mule/vm/current/mule-vm.xsd">
	
	
	<!-- APPLY TEMPLATE FLOW IN FORWARD PROCESSING -->
	<flow name="applyTemplateFlow" processingStrategy = "synchronous">
		<logger message="#[flowVars.loggerDealId] - Starting of WEX Template Flow" level="INFO" doc:name="Logger"/>
		<set-variable variableName="eurekaId" value="TP-NLP-DATA-MS" doc:name="Variable"/>
		<flow-ref name="getServerInstance" doc:name="Server Instance Retrieval"/> 
		<http:request config-ref="tp-nlp-msConfig" path="/#[flowVars.countryCode]/applyTemplate" method="POST" doc:name="HTTP_NLP_DEALS" >
            <http:request-builder>
            </http:request-builder>
            <http:success-status-code-validator
                    values="200,201" />
        </http:request>
        <logger message="#[flowVars.loggerDealId] - wexTemplate applyTemplate payLoad - P:#[message.payloadAs(java.lang.String)]" level="INFO" doc:name="Logger" />
        
        <custom-transformer name="SCBProcessTemplateTransformer" class="com.scb.ms.mule.transformer.SCBOcrNlpProcessTemplateTransformer" doc:name="HTTP_NLP_WEX" />
		<set-property propertyName="Content-Type" value="application/json" />
		<set-variable variableName="eurekaId" value="TP-NLP-DATA-MS" doc:name="Variable"/>
		<flow-ref name="getServerInstance" doc:name="Server Instance Retrieval"/> 
		<http:request config-ref="tp-nlp-msConfig" path="/#[flowVars.countryCode]/processWexTemplateResults" method="POST" doc:name="HTTP_NLP_DEALS" >
			<http:request-builder>
			</http:request-builder>
			<http:success-status-code-validator
					values="200,201" />
		</http:request>
        <logger message="#[flowVars.loggerDealId] - End of WEX Template Flow" level="INFO" doc:name="Logger"/>
        <catch-exception-strategy doc:name="Template Catch Exception Strategy">
        	<set-variable variableName="wexTemplateCallStatus" value="FAIL"/>
		    <logger message="#[flowVars.loggerDealId] - wexTemplate Call Failed #[exception] - P:#[message.payloadAs(java.lang.String)]" level="ERROR" doc:name="Logger" />
		</catch-exception-strategy>
	</flow>

	<!-- TNLP-957 get All Pending WEX Dictionary Objects -->
	<flow name="get:/nlpauth/{countryCode}/getAllPendingDictionaryWEX:nlp-config">
		<logger level="INFO" message="get all pending Dictionary WEX ***" />
		<!-- Begin Authorization filter -->
	  	<set-variable variableName="accessPriv" value="RO" doc:name="Variable" />
	  	<flow-ref name="auth-filter-subflow" doc:name="auth-filter-subflow"/>
	  	<!-- End Authorization filter -->
	  	<set-variable variableName="eurekaId" value="TP-NLP-DATA-MS" doc:name="Variable"/>
		<flow-ref name="getServerInstance" doc:name="Server Instance Retrieval"/> 
		<http:request config-ref="tp-nlp-msConfig" path="/#[flowVars.countryCode]/getAllPendingDictionaryWEX" method="GET" doc:name="HTTP_NLP_DEALS">
			<http:success-status-code-validator values="200,201" />
		</http:request>
		<custom-transformer name="DictionaryEntryTransformer" class="com.scb.ms.mule.transformer.SCBOcrNlpDictionaryEntryTransformer" doc:name="HTTP_NLP_DEALS" />
		<logger message="message #[message]" level="INFO" doc:name="Logger"/>
		<catch-exception-strategy doc:name="Catch Exception Strategy">
		   <logger message="Failure in Layout persisting and calling asynchronously #[exception]" level="INFO" doc:name="Logger" />
		   <set-property propertyName="http.status" value="#[500]" doc:name="failureReturn" />
		   <set-payload value="{ &quot;status&quot; : &quot;FAILED&quot; }" mimeType="application/json" encoding="UTF-8"/>
		</catch-exception-strategy>
	</flow>
	<!-- End of get All Pending WEX Dictionary Objects -->
	
	
	
	<flow name="post:/nlpauth/{countryCode}/updateWEXFeedbackProcess:nlp-config" >
        <logger message="Entry endpoint post:/{countrycode}/updateWEXFeedbackProcess:nlp-config. HTTP_ID:#[headers:INBOUND:*]" level="INFO" doc:name="Logger" />
        <!-- Begin Authorization filter -->
	  	<set-variable variableName="accessPriv" value="RW" doc:name="Variable" />
	  	<flow-ref name="auth-filter-subflow" doc:name="auth-filter-subflow"/>
	  	<!-- End Authorization filter -->
  
       	<custom-transformer name="SCBWexFeedbackToNlpTransformer" class="com.scb.ms.mule.transformer.SCBOcrNlpWexFeedbackToNlpTransformer" doc:name="HTTP_NLP_DEALS" />
       	<set-variable variableName="eurekaId" value="TP-NLP-DATA-MS" doc:name="Variable"/>
		<flow-ref name="getServerInstance" doc:name="Server Instance Retrieval"/> 
       	<http:request config-ref="tp-nlp-msConfig" path="/#[flowVars.countryCode]/updateWEXFeedbackProcess" method="POST" doc:name="HTTP_NLP_DEALS">
         		<http:success-status-code-validator values="200,201"/>
       	</http:request>     
     	
     	<set-property propertyName="http.status" value="#[200]" doc:name="successReturn" />
     	<set-payload value="{ &quot;status&quot; : &quot;SUCCESS&quot; }" mimeType="application/json" encoding="UTF-8"/>
     	<logger level="INFO" message="Success in Posting message to the forward queue" doc:name="Logger"/>
		<catch-exception-strategy doc:name="Catch Exception Strategy">
		   <logger message="Failure in Layout persisting and calling asynchronously #[exception]" level="INFO" doc:name="Logger" />
		   <set-property propertyName="http.status" value="#[500]" doc:name="failureReturn" />
		   <set-payload value="{ &quot;status&quot; : &quot;FAILED&quot; }" mimeType="application/json" encoding="UTF-8"/>
		</catch-exception-strategy>
   </flow>
   
   	<flow name="post:/nlpauth/{countryCode}/updateWEXServerStatus:nlp-config" >
        <logger message="Entry endpoint post:/{countrycode}/updateWEXServerStatus:nlp-config. HTTP_ID:#[headers:INBOUND:*]" level="INFO" doc:name="Logger" />
        <!-- Begin Authorization filter -->
	  	<set-variable variableName="accessPriv" value="RW" doc:name="Variable" />
	  	<flow-ref name="auth-filter-subflow" doc:name="auth-filter-subflow"/>
	  	<!-- End Authorization filter -->
  
       	<custom-transformer name="SCBWexServerStatusToNlpTransformer" class="com.scb.ms.mule.transformer.SCBOcrNlpWexServerStatusToNlpTransformer" doc:name="HTTP_NLP_DEALS" />
       	<set-variable variableName="eurekaId" value="TP-NLP-DATA-MS" doc:name="Variable"/>
		<flow-ref name="getServerInstance" doc:name="Server Instance Retrieval"/> 
       	<http:request config-ref="tp-nlp-msConfig" path="/#[flowVars.countryCode]/updateWEXServerStatus" method="POST" doc:name="HTTP_NLP_DEALS">
         		<http:success-status-code-validator values="200,201"/>
       	</http:request>     
     	
     	<set-property propertyName="http.status" value="#[200]" doc:name="successReturn" />
     	<set-payload value="{ &quot;status&quot; : &quot;SUCCESS&quot; }" mimeType="application/json" encoding="UTF-8"/>
     	<logger level="INFO" message="Success in Posting message to the forward queue" doc:name="Logger"/>
		<catch-exception-strategy doc:name="Catch Exception Strategy">
		   <logger message="Failure in Layout persisting and calling asynchronously #[exception]" level="INFO" doc:name="Logger" />
		   <set-property propertyName="http.status" value="#[500]" doc:name="failureReturn" />
		   <set-payload value="{ &quot;status&quot; : &quot;FAILED&quot; }" mimeType="application/json" encoding="UTF-8"/>
		</catch-exception-strategy>
   </flow>
	
   	<flow name="post:/nlpauth/{countryCode}/updateDictionaryWEXToProcessed:nlp-config" >
        <logger message="Entry endpoint post:/{countrycode}/updateDictionaryWEXToProcessed:nlp-config. HTTP_ID:#[headers:INBOUND:*]" level="INFO" doc:name="Logger" />
        <!-- Begin Authorization filter -->
	  	<set-variable variableName="accessPriv" value="RW" doc:name="Variable" />
	  	<flow-ref name="auth-filter-subflow" doc:name="auth-filter-subflow"/>
	  	<!-- End Authorization filter -->
  
       	<custom-transformer name="SCBWexDictEntriesProcessedToNlpTransformer" class="com.scb.ms.mule.transformer.SCBOcrNlpWexDictEntriesProcessedToNlpTransformer" doc:name="HTTP_NLP_DEALS" />
       	<set-variable variableName="eurekaId" value="TP-NLP-DATA-MS" doc:name="Variable"/>
		<flow-ref name="getServerInstance" doc:name="Server Instance Retrieval"/> 	
       	<http:request config-ref="tp-nlp-msConfig" path="/#[flowVars.countryCode]/updateDictionaryWEXToProcessed" method="POST" doc:name="HTTP_NLP_DEALS">
         		<http:success-status-code-validator values="200,201"/>
       	</http:request>     
     	
     	<set-property propertyName="http.status" value="#[200]" doc:name="successReturn" />
     	<set-payload value="{ &quot;status&quot; : &quot;SUCCESS&quot; }" mimeType="application/json" encoding="UTF-8"/>
     	<logger level="INFO" message="Success in Posting message to the forward queue" doc:name="Logger"/>
		<catch-exception-strategy doc:name="Catch Exception Strategy">
		   <logger message="Failure in Layout persisting and calling asynchronously #[exception]" level="INFO" doc:name="Logger" />
		   <set-property propertyName="http.status" value="#[500]" doc:name="failureReturn" />
		   <set-payload value="{ &quot;status&quot; : &quot;FAILED&quot; }" mimeType="application/json" encoding="UTF-8"/>
		</catch-exception-strategy>
   </flow>
   
   
	<flow name="applydataExtraction" processingStrategy = "synchronous">
		<transformer ref="commObjToJson" doc:name="java obj to json"/> 		
		<logger message="#[flowVars.loggerDealId] - Starting of applydataExtraction call" level="INFO" doc:name="Logger"/>
		<logger message="#[flowVars.loggerDealId] - Apply dataExtraction Request payLoad - P:#[message.payloadAs(java.lang.String)]" level="INFO" doc:name="Logger" />
		<set-variable variableName="eurekaId" value="TP-NLP-DATA-MS" doc:name="Variable"/>
		<flow-ref name="getServerInstance" doc:name="Server Instance Retrieval"/>
		<http:request config-ref="tp-nlp-msConfig" path="/#[flowVars.countryCode]/applyDataExtration" method="POST" doc:name="HTTP_NLP_DEALS" >
            <http:request-builder>
            </http:request-builder>
            <http:success-status-code-validator
                    values="200,201" />
        </http:request>
        
        <logger message="#[flowVars.loggerDealId] - Apply dataExtraction Response payLoad - P:#[message.payloadAs(java.lang.String)]" level="INFO" doc:name="Logger" />
        
        <transformer ref="jsonToCommObj" doc:name="Json to java obj"/>         
		<custom-transformer name="SCBOcrNlpDataExtractionTransformer" class="com.scb.ms.mule.transformer.SCBOcrNlpDataExtractionTransformer" doc:name="HTTP_NLP_WEX" />
		<set-property propertyName="Content-Type" value="application/json" />
		<set-variable variableName="eurekaId" value="TP-NLP-DATA-MS" doc:name="Variable"/>
		<flow-ref name="getServerInstance" doc:name="Server Instance Retrieval"/>
		<http:request config-ref="tp-nlp-msConfig" path="/#[flowVars.countryCode]/processWexDataExtractionResults" method="POST" doc:name="HTTP_NLP_DEALS" >
			<http:request-builder>
			</http:request-builder>
			<http:success-status-code-validator
					values="200,201" />
		</http:request>
        
        <logger message="#[flowVars.loggerDealId] - End of WEX DataExtractionCallStatus Flow" level="INFO" doc:name="Logger"/>
        <catch-exception-strategy doc:name="wexDataExtractionCallStatus Catch Exception Strategy">
		    <logger message="#[flowVars.loggerDealId] - wexDataExtraction Call Failed #[exception] - P:#[message.payloadAs(java.lang.String)]" level="ERROR" doc:name="Logger" />
		</catch-exception-strategy>
	</flow>
   
</mule>
