{
  "header": {
    "uuid": "a7000f0b-2d47-40eb-a53d-e250efa0f913",
    "fromSysCode": "WEBPORT",
    "toSysCode": "STA",
    "serviceName": "OCR-NLP",
    "bankGroupCode": null,
    "ctyCode": null,
    "moduleCode": "NLP-COMM",
    "moduleFunctionCode": "CAPTURE_SCREEN_TIME",
    "userId": null,
    "command": null,
    "eventStep": null,
    "direction": null
  },
  "body": {
    "sections": {
      "SCBOcrNlpCaptureScreenTime": {
        "eventType": null,
        "types": {
          "dealId": 3,
          "productId": 3,
          "stepId": 3,
          "clientId": 3,
          "country": 3,
          "regTimeStamp": 3,
          "systemCode": 3,
          "userId": 3,
          "userRole": 3,
          "screenType": 3,
          "entryType": 3,
          "idleTime": 1
        },
        "booleanData": {},
        "intData": {
        	"idleTime":10
        },
        "stringData": {
          "dealId": "280820181002_S",
          "productId": "15",
          "stepId": "8059918",
          "clientId": "ISS000",
          "country": "IN",
          "regTimeStamp": "28-AUG-2018 09:30:24",
          "systemCode": "DTP",
          "userId": "1584723",
          "userRole": "TestRole",
          "screenType": "MC",
          "entryType": "MC_S"
        },
        "doubleData": {},
        "dateData": {},
        "amountData": {},
        "tableData": {},
        "longData": {},
        "binaryData": {}
      }
    }
  },
  "footer": {
    "infos": [],
    "warnings": [],
    "errors": []
  }
}