{
  "header": {
    "uuid": "a7000f0b-2d47-40eb-a53d-e250efa0f913",
    "fromSysCode": "WEBPORT",
    "toSysCode": "STA",
    "serviceName": "OCR-NLP",
    "bankGroupCode": null,
    "ctyCode": null,
    "moduleCode": "NLP-FORWARD",
    "moduleFunctionCode": "CREATE_TEMPLATE",
    "userId": null,
    "command": null,
    "eventStep": null,
    "direction": null
  },
  "body": {
    "sections": {
      "SCBOcrNlpTemplate": {
        "eventType": null,
        "types": {
          "classificationType": 3,
          "width": 3,
          "height": 3,
          "datacapPageLocation": 3,
          "datacapCcoLocation": 3,
          "datacapLayoutXmlLocation": 3,
          "annotationBoxList": 6
        },
        "booleanData": {},
        "intData": {},
        "stringData": {
          "classificationType": "INVOICE",
          "width": "256",
          "height": "512",
          "datacapPageLocation": "",
          "datacapCcoLocation": "",
          "datacapLayoutXmlLocation": ""
        },
        "doubleData": {},
        "dateData": {},
        "amountData": {},
        "tableData": {
          "annotationBoxList": {
            "headers": {
              "x1": 3,
              "y1": 3,
              "x2": 3,
              "y2": 3,
              "attribute": 3,
              "entity": 3,
              "order": 3
            },
            "rowData": [
              {
                "x1": "0",
                "y1": "0",
                "x2": "50",
                "y2": "25",
                "attribute": "companyName",
                "entity": "exporter",
                "order": "1"
              }
            ]
          }
        },
        "longData": {},
        "binaryData": {}
      }
    }
  },
  "footer": {
    "infos": [],
    "warnings": [],
    "errors": []
  }
}