{
  "header": {
    "uuid": "a7000f0b-2d47-40eb-a53d-e250efa0f913",
    "fromSysCode": "WEBPORT",
    "toSysCode": "STA",
    "serviceName": "OCR-NLP",
    "bankGroupCode": null,
    "ctyCode": null,
    "moduleCode": "NLP-COMM",
    "moduleFunctionCode": "GET_DEALPAGE_TEXTCOORDINATES",
    "userId": null,
    "command": null,
    "eventStep": null,
    "direction": null
  },
  "body": {
    "sections": {
      "SCBOcrNlpDealPageTextCoordinatesList": {
        "eventType": null,
        "types": {
          "textCoordinatesList": 6
        },
        "booleanData": {},
        "intData": {},
        "stringData": {},
        "doubleData": {},
        "dateData": {},
        "amountData": {},
        "tableData": {
          "textCoordinatesList": {
            "headers": {
              "charStart": 1,
              "y1": 1,
              "y2": 1,
              "charEnd": 1,
              "x1": 1,
              "x2": 1,
              "id": 3,
              "value": 3
            },
            "rowData": [
              {
                "charStart": 2,
                "y1": 381,
                "y2": 465,
                "charEnd": 7,
                "x1": 945,
                "x2": 1245,
                "id": "1",
                "value": "Cover"
              },
              {
                "charStart": 8,
                "y1": 383,
                "y2": 487,
                "charEnd": 12,
                "x1": 1283,
                "x2": 1529,
                "id": "2",
                "value": "Page"
              },
              {
                "charStart": 14,
                "y1": 915,
                "y2": 947,
                "charEnd": 18,
                "x1": 236,
                "x2": 315,
                "id": "3",
                "value": "Deal"
              },
              {
                "charStart": 19,
                "y1": 915,
                "y2": 947,
                "charEnd": 25,
                "x1": 333,
                "x2": 477,
                "id": "4",
                "value": "Number"
              },
              {
                "charStart": 26,
                "y1": 914,
                "y2": 947,
                "charEnd": 27,
                "x1": 488,
                "x2": 501,
                "id": "5",
                "value": "/"
              },
              {
                "charStart": 28,
                "y1": 915,
                "y2": 953,
                "charEnd": 32,
                "x1": 513,
                "x2": 595,
                "id": "6",
                "value": "Step"
              },
              {
                "charStart": 33,
                "y1": 915,
                "y2": 953,
                "charEnd": 37,
                "x1": 609,
                "x2": 699,
                "id": "7",
                "value": "Type"
              },
              {
                "charStart": 38,
                "y1": 915,
                "y2": 948,
                "charEnd": 54,
                "x1": 1074,
                "x2": 1440,
                "id": "8",
                "value": "TF529SH737-00001"
              },
              {
                "charStart": 55,
                "y1": 916,
                "y2": 949,
                "charEnd": 56,
                "x1": 1460,
                "x2": 1473,
                "id": "9",
                "value": "/"
              },
              {
                "charStart": 57,
                "y1": 917,
                "y2": 948,
                "charEnd": 60,
                "x1": 1486,
                "x2": 1579,
                "id": "10",
                "value": "NEW"
              },
              {
                "charStart": 61,
                "y1": 970,
                "y2": 1002,
                "charEnd": 69,
                "x1": 235,
                "x2": 413,
                "id": "11",
                "value": "Customer"
              },
              {
                "charStart": 70,
                "y1": 970,
                "y2": 1002,
                "charEnd": 78,
                "x1": 426,
                "x2": 566,
                "id": "12",
                "value": "Service."
              },
              {
                "charStart": 79,
                "y1": 971,
                "y2": 1003,
                "charEnd": 84,
                "x1": 576,
                "x2": 671,
                "id": "13",
                "value": "Level"
              },
              {
                "charStart": 85,
                "y1": 1026,
                "y2": 1058,
                "charEnd": 93,
                "x1": 235,
                "x2": 413,
                "id": "14",
                "value": "Customer"
              },
              {
                "charStart": 94,
                "y1": 1026,
                "y2": 1058,
                "charEnd": 98,
                "x1": 427,
                "x2": 533,
                "id": "15",
                "value": "Name"
              },
              {
                "charStart": 99,
                "y1": 1027,
                "y2": 1059,
                "charEnd": 102,
                "x1": 1076,
                "x2": 1158,
                "id": "16",
                "value": "SUN"
              },
              {
                "charStart": 103,
                "y1": 1027,
                "y2": 1059,
                "charEnd": 107,
                "x1": 1164,
                "x2": 1269,
                "id": "17",
                "value": "LAND"
              },
              {
                "charStart": 108,
                "y1": 1027,
                "y2": 1059,
                "charEnd": 114,
                "x1": 1284,
                "x2": 1441,
                "id": "18",
                "value": "ALLOYS"
              },
              {
                "charStart": 115,
                "y1": 1081,
                "y2": 1113,
                "charEnd": 123,
                "x1": 235,
                "x2": 413,
                "id": "19",
                "value": "Customer"
              },
              {
                "charStart": 124,
                "y1": 1081,
                "y2": 1113,
                "charEnd": 126,
                "x1": 428,
                "x2": 463,
                "id": "20",
                "value": "ID"
              },
              {
                "charStart": 127,
                "y1": 1083,
                "y2": 1114,
                "charEnd": 136,
                "x1": 1077,
                "x2": 1279,
                "id": "21",
                "value": "100135742"
              },
              {
                "charStart": 137,
                "y1": 1136,
                "y2": 1174,
                "charEnd": 145,
                "x1": 235,
                "x2": 400,
                "id": "22",
                "value": "Currency"
              },
              {
                "charStart": 146,
                "y1": 1137,
                "y2": 1168,
                "charEnd": 149,
                "x1": 414,
                "x2": 479,
                "id": "23",
                "value": "and"
              },
              {
                "charStart": 150,
                "y1": 1137,
                "y2": 1168,
                "charEnd": 156,
                "x1": 494,
                "x2": 635,
                "id": "24",
                "value": "Amount"
              },
              {
                "charStart": 157,
                "y1": 1137,
                "y2": 1169,
                "charEnd": 160,
                "x1": 1077,
                "x2": 1143,
                "id": "25",
                "value": "INR"
              },
              {
                "charStart": 161,
                "y1": 1139,
                "y2": 1169,
                "charEnd": 171,
                "x1": 1160,
                "x2": 1373,
                "id": "26",
                "value": "1817030.00"
              },
              {
                "charStart": 172,
                "y1": 1192,
                "y2": 1229,
                "charEnd": 184,
                "x1": 237,
                "x2": 451,
                "id": "27",
                "value": "Registration"
              },
              {
                "charStart": 185,
                "y1": 1192,
                "y2": 1224,
                "charEnd": 189,
                "x1": 468,
                "x2": 551,
                "id": "28",
                "value": "Date"
              },
              {
                "charStart": 190,
                "y1": 1193,
                "y2": 1224,
                "charEnd": 193,
                "x1": 566,
                "x2": 631,
                "id": "29",
                "value": "and"
              },
              {
                "charStart": 194,
                "y1": 1192,
                "y2": 1224,
                "charEnd": 198,
                "x1": 645,
                "x2": 736,
                "id": "30",
                "value": "Time"
              },
              {
                "charStart": 199,
                "y1": 1194,
                "y2": 1225,
                "charEnd": 209,
                "x1": 1074,
                "x2": 1283,
                "id": "31",
                "value": "2018-06-08"
              },
              {
                "charStart": 210,
                "y1": 1195,
                "y2": 1225,
                "charEnd": 218,
                "x1": 1301,
                "x2": 1456,
                "id": "32",
                "value": "16:39:23"
              },
              {
                "charStart": 219,
                "y1": 1247,
                "y2": 1279,
                "charEnd": 223,
                "x1": 235,
                "x2": 325,
                "id": "33",
                "value": "Scan"
              },
              {
                "charStart": 224,
                "y1": 1247,
                "y2": 1285,
                "charEnd": 228,
                "x1": 340,
                "x2": 429,
                "id": "34",
                "value": "Type"
              },
              {
                "charStart": 229,
                "y1": 1249,
                "y2": 1279,
                "charEnd": 230,
                "x1": 1077,
                "x2": 1088,
                "id": "35",
                "value": "1"
              },
              {
                "charStart": 231,
                "y1": 1250,
                "y2": 1280,
                "charEnd": 233,
                "x1": 1098,
                "x2": 1128,
                "id": "36",
                "value": "st"
              },
              {
                "charStart": 234,
                "y1": 1248,
                "y2": 1280,
                "charEnd": 238,
                "x1": 1141,
                "x2": 1231,
                "id": "37",
                "value": "Time"
              },
              {
                "charStart": 239,
                "y1": 1248,
                "y2": 1280,
                "charEnd": 243,
                "x1": 1246,
                "x2": 1336,
                "id": "38",
                "value": "Scan"
              },
              {
                "charStart": 244,
                "y1": 1302,
                "y2": 1333,
                "charEnd": 251,
                "x1": 235,
                "x2": 368,
                "id": "39",
                "value": "Section"
              },
              {
                "charStart": 252,
                "y1": 1302,
                "y2": 1333,
                "charEnd": 254,
                "x1": 386,
                "x2": 422,
                "id": "40",
                "value": "ID"
              },
              {
                "charStart": 255,
                "y1": 1357,
                "y2": 1390,
                "charEnd": 265,
                "x1": 235,
                "x2": 435,
                "id": "41",
                "value": "Generation"
              },
              {
                "charStart": 266,
                "y1": 1358,
                "y2": 1390,
                "charEnd": 270,
                "x1": 449,
                "x2": 540,
                "id": "42",
                "value": "Time"
              },
              {
                "charStart": 271,
                "y1": 1360,
                "y2": 1391,
                "charEnd": 281,
                "x1": 1074,
                "x2": 1283,
                "id": "43",
                "value": "2018-06-08"
              },
              {
                "charStart": 282,
                "y1": 1360,
                "y2": 1391,
                "charEnd": 290,
                "x1": 1300,
                "x2": 1456,
                "id": "44",
                "value": "14:09:28"
              },
              {
                "charStart": 292,
                "y1": 2251,
                "y2": 2271,
                "charEnd": 298,
                "x1": 1171,
                "x2": 1272,
                "id": "45",
                "value": "TPDOCS"
              },
              {
                "charStart": 299,
                "y1": 2252,
                "y2": 2255,
                "charEnd": 300,
                "x1": 1292,
                "x2": 1295,
                "id": "46",
                "value": "'"
              },
              {
                "charStart": 302,
                "y1": 2603,
                "y2": 2622,
                "charEnd": 340,
                "x1": 999,
                "x2": 1471,
                "id": "47",
                "value": "TF529SH737000014E1C9AC9C420452B8IN002N"
              }
            ]
          }
        },
        "longData": {},
        "binaryData": {}
      }
    }
  },
  "footer": {
    "infos": [],
    "warnings": [],
    "errors": []
  }
}