{
  "header": {
    "uuid": "a7000f0b-2d47-40eb-a53d-e250efa0f913",
    "fromSysCode": "WEBPORT",
    "toSysCode": "STA",
    "serviceName": "OCR-NLP",
    "bankGroupCode": null,
    "ctyCode": null,
    "moduleCode": "NLP-COMM",
    "moduleFunctionCode": "APPROVE_DEAL_PAGE",
    "userId": null,
    "command": null,
    "eventStep": null,
    "direction": null
  },
  "body": {
    "sections": {
      "SCBOcrNlpApproveDealPage": {
        "eventType": null,
        "types": {
          "id": 3,
          "dealId": 3,
          "userId":3,
          "tdApplicationReferenceId": 3,
          "documentsList": 6
        },
        "booleanData": {},
        "intData": {},
        "stringData": {
          "id": "2419",
          "userId":"",
          "dealId": "210820181006_S",
          "tdApplicationReferenceId": ""
        },
        "doubleData": {},
        "dateData": {},
        "amountData": {},
        "tableData": {
          "documentsList": {
            "headers": {
              "documentApprovePagesList": 6,
              "id": 3,
              "filenetDocumentId": 3
            },
            "rowData": [
              {
                "id": "2408",
                "filenetDocumentId": "",
                "documentApprovePagesList": {
                  "headers": {
                    "pageNumber": 3,
                    "dealClsTp": 3,
                    "id": 3,
                    "approved":1
                  },
                  "rowData": [
                    {
                      "pageNumber": "1",
                      "dealClsTp": "INV",
                      "id": "1",
                      "approved":true
                    },
                    {
                      "pageNumber": "2",
                      "dealClsTp": "BOL",
                      "id": "2",
                      "approved":true
                    }
                  ]
                }
              }
            ]
          }
        },
        "longData": {},
        "binaryData": {}
      }
    }
  },
  "footer": {
    "infos": [],
    "warnings": [],
    "errors": []
  }
}