{
  "header": {
    "uuid": "a7000f0b-2d47-40eb-a53d-e250efa0f913",
    "fromSysCode": "WEBPORT",
    "toSysCode": "STA",
    "serviceName": "OCR-NLP",
    "bankGroupCode": null,
    "ctyCode": null,
    "moduleCode": "NLP-COMM",
    "moduleFunctionCode": "DEAL_STATUS_RELEASED",
    "userId": null,
    "command": null,
    "eventStep": null,
    "direction": null
  },
  "body": {
    "sections": {
      "SCBOcrNlpDealDataObject": {
        "eventType": null,
        "types": {
          "dealId": 3,
          "stepId": 3,
          "productId": 3,
          "clientId": 3,
          "country": 3,
          "dealReleasedStatus": 3,
          "regTimeStamp": 3
        },
        "booleanData": {},
        "intData": {},
        "stringData": {
          "dealId": "100920181003_S",
          "productId": "15",
          "stepId": "ISS000",
          "clientId": "8059918",
          "country": "IN",
          "dealReleasedStatus": "Y",
          "regTimeStamp": "10-SEP-2018 15:30:24"
        },
        "doubleData": {},
        "dateData": {},
        "amountData": {},
        "tableData": {},
        "longData": {},
        "binaryData": {}
      }
    }
  },
  "footer": {
    "infos": [],
    "warnings": [],
    "errors": []
  }
}