{
  "header": {
    "uuid": "a7000f0b-2d47-40eb-a53d-e250efa0f913",
    "fromSysCode": "WEBPORT",
    "toSysCode": "STA",
    "serviceName": "OCR-NLP",
    "bankGroupCode": null,
    "ctyCode": null,
    "moduleCode": "NLP-COMM",
    "moduleFunctionCode": "GET_DEALPAGE_TEXTCOORDINATES",
    "userId": null,
    "command": null,
    "eventStep": null,
    "direction": null
  },
  "body": {
    "sections": {
      "SCBOcrNlpDealPageTextCoordinatesList": {
        "eventType": null,
        "types": {
          "dealId": 3,
          "country": 3,
          "stepId": 3,
          "clientId": 3,
          "systemCode": 3,
          "regTimeStamp": 3,
          "productId": 3,
          "documentId": 3,
          "documentPageId" : 3
        },
        "booleanData": {},
        "intData": {},
        "stringData": {
          "dealId": "280820181002_S",
          "country": "IN",
          "stepId": "ISS000",
          "clientId": "8059918",
          "systemCode": "DTP",
          "regTimeStamp": "28-AUG-2018 09:30:24",
          "productId": "15",
          "documentId": "2423",
          "documentPageId" : "1"
        },
        "doubleData": {},
        "dateData": {},
        "amountData": {},
        "tableData": {},
        "longData": {},
        "binaryData": {}
      }
    }
  },
  "footer": {
    "infos": [],
    "warnings": [],
    "errors": []
  }
}