{
  "header": {
    "serviceName": "OCR-NLP",
    "bankGroupCode": null,
    "ctyCode": null,
    "moduleFunctionCode": "DEAL_FINAL_SUBMIT",
    "userId": null,
    "command": null,
    "moduleCode": "NLP-SUBMIT",
    "fromSysCode": "WEBPORT",
    "toSysCode": "STA",
    "uuid": "a7000f0b-2d47-40eb-a53d-e250efa0f913",
    "eventStep": null,
    "direction": null
  },
  "body": {
    "sections": {
      "SCBOcrNlpDealDataObjectExtn": {
        "eventType": null,
        "types": {
          "dealId": 3,
          "stepId": 3,
          "productId": 3,
          "clientId": 3,
          "country": 3,
          "systemCode": 3,
          "regTimeStamp": 3,
          "statusFlag": 3,
          "response": 3
        },
        "booleanData": {},
        "intData": {},
        "stringData": {
          "dealId": "100920181003_S",
          "productId": "15",
          "stepId": "ISS000",
          "clientId": "8059918",
          "country": "IN",
          "systemCode": "DTP",
          "regTimeStamp": "10-SEP-2018 15:30:24",
          "statusFlag": "Y",
          "response": "SUBMITTED"
        },
        "doubleData": {},
        "dateData": {},
        "amountData": {},
        "tableData": {},
        "longData": {},
        "binaryData": {}
      }
    }
  },
  "footer": {
    "infos": [],
    "warnings": [],
    "errors": []
  },
  "footerErrorList": [],
  "footerWarningList": [],
  "footerInfoList": [],
  "ctyCode": null,
  "uuid": "a7000f0b-2d47-40eb-a53d-e250efa0f913",
  "serviceName": "OCR-NLP",
  "moduleCode": "NLP-SUBMIT",
  "bankGroupCode": null,
  "moduleFunctionCode": "DEAL_FINAL_SUBMIT",
  "userId": null,
  "sections": {
    "SCBOcrNlpDealDataObjectExtn": {
      "eventType": null,
      "types": {
        "dealId": 3,
        "stepId": 3,
        "productId": 3,
        "clientId": 3,
        "country": 3,
        "systemCode": 3,
        "regTimeStamp": 3,
        "statusFlag": 3,
        "response": 3
      },
      "booleanData": {},
      "intData": {},
      "stringData": {
        "dealId": "100920181003_S",
        "productId": "15",
        "stepId": "ISS000",
        "clientId": "8059918",
        "country": "IN",
        "systemCode": "DTP",
        "regTimeStamp": "10-SEP-2018 15:30:24",
        "statusFlag": "Y",
        "response": "SUBMITTED"
      },
      "doubleData": {},
      "dateData": {},
      "amountData": {},
      "tableData": {},
      "longData": {},
      "binaryData": {}
    }
  }
}