{
  "header": {
    "uuid": "a7000f0b-2d47-40eb-a53d-e250efa0f913",
    "fromSysCode": "WEBPORT",
    "toSysCode": "STA",
    "serviceName": "OCR-NLP",
    "bankGroupCode": null,
    "ctyCode": null,
    "moduleCode": "NLP-SUBMIT",
    "moduleFunctionCode": "DEAL_FINAL_SUBMIT",
    "userId": null,
    "command": null,
    "eventStep": null,
    "direction": null
  },
  "body": {
    "sections": {
      "SCBOcrNlpDealDataObjectExtn": {
        "eventType": null,
        "types": {
          "dealId": 3,
          "stepId": 3,
          "productId": 3,
          "clientId": 3,
          "country": 3,
          "systemCode": 3,
          "regTimeStamp": 3,
          "tdApplicationReferenceId":3
        },
        "booleanData": {},
        "intData": {},
        "stringData": {
          "dealId": "171033693220",
          "productId": "03",
          "stepId": "ISS000",
          "clientId": "8242569",
          "country": "IN",
          "systemCode": "DTP",
          "regTimeStamp": "15-JAN-2019 09:14:01",
          "tdApplicationReferenceId":"171033693220I000BCD91C7F4CA82341"
        },
        "doubleData": {},
        "dateData": {},
        "amountData": {},
        "tableData": {},
        "longData": {},
        "binaryData": {}
      }
    }
  },
  "footer": {
    "infos": [],
    "warnings": [],
    "errors": []
  }
}