{
  "header": {
    "uuid": "ef0f5a3407974854b4f68ec58c4d2353",
    "fromSysCode": "TD",
    "toSysCode": "OTP",
    "serviceName": "CB_EVENTS",
    "bankGroupCode": "SCB",
    "ctyCode": "SG",
    "moduleCode": "TXN_EVENT",
    "moduleFunctionCode": "NEW_EVENT",
    "userId": null,
    "command": null,
    "eventStep": null,
    "direction": "OUT"
  },
  "body": {
    "sections": {
      "txnFlat": {
        "eventType": null,
        "types": {
          "party_sci_leid": 3,
          "customer_segment": 3,
          "customer_sub_segment": 3,
          "amountUSD": 3,
          "Weights": 6,
          "deal_product_type": 3
        },
        "booleanData": {},
        "intData": {},
        "stringData": {
          "ndd_ref_no": null,
          "cpc_user_name": null,
          "offering_timestamp": null,
          "locked_user_name": null,
          "is_urgent": "N",
          "cty_code": "SG",
          "sender_memo": null,
          "maker_timestamp_s2b": "2018-09-19 16:18:26.0",
          "target_completion": "2018-10-24 12:00:00+0800",
          "bank_group_code": "SCB",
          "reg_ops_win_time": "W3",
          "fraud_alert_status": "PROC",
          "checker_timestamp_s2b": "2018-09-19 16:19:16.0",
          "w2_cutoff": "14:30:00",
          "sla_type": null,
          "sam_request_status": "APP",
          "upload_date": "2018-10-24 00:00:00+0800",
          "current_stage_in_time_s2b": null,
          "email_id": null,
          "aml_queue_status": null,
          "scan_timestamp_s2b": null,
          "end_to_end": null,
          "limit_excess_flag": null,
          "checker_id": "1505117",
          "party_id": "100004708",
          "customer_ref": null,
          "sam_status": "APP",
          "appl_ref_no": null,
          "RUN_DATE_S2B": "2018-09-19 16:19:16.0",
          "lc_adv_ref": null,
          "reg_shi": null,
          "uuid": "ef0f5a3407974854b4f68ec58c4d2353",
          "stage_id": "34",
          "assigned_by": null,
          "reg_user_id": "1505117",
          "checker_1": null,
          "db_txn_log_id": "100143339565",
          "previous_stage": null,
          "bill_category": null,
          "completion_time_s2b": "2018-10-24 21:30:00.0",
          "checker_2": null,
          "maker_user_name": "UAT Tester",
          "reg_ns_timestamp_s2b": null,
          "currency": "SGD",
          "osg_ref_no": null,
          "reg_user_name": "UAT Tester",
          "last_modified_by": null,
          "linked_deal_no": null,
          "pending_reason_clauses": null,
          "countable_flag": "N",
          "step_id": "OTH",
          "ops_sla_brk": null,
          "txn_type": null,
          "check_type": null,
          "process_flag": "P",
          "business_date": "2018-06-13 00:00:00+0800",
          "upload_date_s2b": "2018-10-24 00:00:00.0",
          "deal_rec_id": "TF540B0042-00160",
          "seg_code": "A",
          "reg_seq_timestamp_s2b": null,
          "deal_id": "TF540B0042-00160",
          "offering_id": null,
          "lock_doc_check": null,
          "sanction_validity_time_s2b": "2018-09-27 23:59:59.0",
          "locked_id": null,
          "repeat_it": null,
          "step_status_code": "32",
          "from_system_code": "TD",
          "pend_with_code": null,
          "current_stage_in_time": null,
          "section_description": null,
          "reg_timestamp_s2b": "2018-09-19 16:18:26.0",
          "sanction_validity_time": "2018-09-27 23:59:59.000+0800",
          "user_memo_flag": null,
          "tbu_code": "540",
          "routing_code_2": "STND",
          "coo": null,
          "invoice": null,
          "event_type": "TXN",
          "txn_indicator": "1001000000000",
          "maker_timestamp": "2018-09-19 16:18:26+0800",
          "deal_refer_to": null,
          "service_name": "S2B",
          "is_s2b_enabled": "Y",
          "cor_status": null,
          "amount": "214650.56",
          "col_status": null,
          "pay_type": null,
          "priority": null,
          "completion_time": "2018-10-24 21:30:00+0800",
          "unhold_timestamp_s2b": null,
          "offering_reason_10": null,
          "sam_queue_status": "APP",
          "rm_sla_brk": null,
          "offering_user_name": null,
          "cust_ref_no": null,
          "reg_ns_timestamp": null,
          "checker_timestamp": "2018-09-19 16:19:16+0800",
          "section_id": null,
          "service_level": "SLV",
          "reg_seq_timestamp": null,
          "reg_timestamp": "2018-09-19 16:18:26+0800",
          "hub_user_id": null,
          "target_completion_s2b": "2018-10-24 12:00:00.0",
          "weight": "22",
          "cpc_user_id": null,
          "customer_segment": "A",
          "cmt_approval_flag": null,
          "remarks": null,
          "on_hold": null,
          "sub_product_code": "IFNB01:42",
          "lc_confirmation_sts": null,
          "td_ref_no": null,
          "last_modified": "2018-09-19 16:19:15.000+0800",
          "reply_memo": null,
          "lc_adv_by_scb": null,
          "lli_queue_status": null,
          "run_date": "2018-09-19 16:19:16+0800",
          "locked_timestamp_s2b": null,
          "last_modified_s2b": "2018-09-19 16:19:15.0",
          "system_code": "OTP",
          "offering_reason_1": null,
          "hub_user_name": null,
          "dest_system_code": "OTP",
          "checker_user_name": "UAT Tester",
          "routing_code": "CH",
          "client_sla_brk": null,
          "offering_timestamp_s2b": null,
          "business_date_s2b": "2018-06-13 00:00:00.0",
          "party_name": "XNESYEBX XZTRBQXZ  TBQAEXX  WQZQXXX",
          "module_code": "Transaction Flat",
          "product_code": "IFNB",
          "offering_reason_9": "00000000000000000000",
          "is_wtp_enabled": "Y",
          "rm_code": null,
          "offering_reason_8": null,
          "offering_reason_7": null,
          "maker_id": "1505117",
          "offering_reason_6": null,
          "offering_reason_5": null,
          "offering_reason_4": null,
          "prev_ref_no": null,
          "receivedby_fax": null,
          "offering_reason_3": null,
          "offering_reason_2": null,
          "scan_timestamp": null,
          "locked_timestamp": null,
          "unhold_timestamp": null,
          "party_sci_leid": "11002341",
          "customer_sub_segment": "B1",
          "amountUSD": "157600",
          "deal_product_type": "IMP",
          "stage_id_desc": "Pending Sanctions",
          "product_code_desc": "Invoice Financing Buyer",
          "customer_segment_desc": "Local Corporate",
          "customer_sub_segment_desc": "Local Corporates",
          "sub_product_code_desc": "Invoice Financing Import V1",
          "step_id_desc": "Other process",
          "client_type": "CB",
          "event_rec_id": "ef0f5a3407974854b4f68ec58c4d2353",
          "event_timestamp": "2018-09-19 16:25:06+0800"
        },
        "doubleData": {},
        "dateData": {},
        "amountData": {
          "enriched_rate": {
            "currency": "USD",
            "amount": 0.734277467300789,
            "amountSet": true
          },
          "enriched_amount": {
            "currency": "USD",
            "amount": 157600,
            "amountSet": true
          }
        },
        "tableData": {
          "Weights": {
            "headers": {
              "to_timestamp": 4,
              "from_timestamp": 4,
              "weight": 2
            },
            "rowData": [
              {
                "to_timestamp": "2018-10-24 12:00:00+0800",
                "from_timestamp": "1900-01-01 01:00:00+0800",
                "weight": "22.0"
              },
              {
                "to_timestamp": "2018-10-24 12:30:00+0800",
                "from_timestamp": "2018-10-24 12:00:00+0800",
                "weight": "22.0"
              },
              {
                "to_timestamp": "2018-10-24 13:00:00+0800",
                "from_timestamp": "2018-10-24 12:30:00+0800",
                "weight": "22.0"
              },
              {
                "to_timestamp": "2018-10-24 13:30:00+0800",
                "from_timestamp": "2018-10-24 13:00:00+0800",
                "weight": "22.0"
              },
              {
                "to_timestamp": "2018-10-24 14:00:00+0800",
                "from_timestamp": "2018-10-24 13:30:00+0800",
                "weight": "22.0"
              },
              {
                "to_timestamp": "2018-10-24 15:00:00+0800",
                "from_timestamp": "2018-10-24 14:00:00+0800",
                "weight": "22.0"
              },
              {
                "to_timestamp": "2018-10-24 15:30:00+0800",
                "from_timestamp": "2018-10-24 15:00:00+0800",
                "weight": "22.0"
              },
              {
                "to_timestamp": "2018-10-24 16:00:00+0800",
                "from_timestamp": "2018-10-24 15:30:00+0800",
                "weight": "22.0"
              },
              {
                "to_timestamp": "9999-01-01 01:00:00+0800",
                "from_timestamp": "2018-10-24 16:00:00+0800",
                "weight": "22.0"
              }
            ]
          }
        },
        "longData": {},
        "binaryData": {}
      },
      "partySci": {
        "eventType": null,
        "types": {
          "party_sci_leid": 3,
          "sub_segment_code": 3,
          "party_id": 3,
          "system_code": 3,
          "segment_code": 3
        },
        "booleanData": {},
        "intData": {},
        "stringData": {
          "party_sci_leid": "11002341",
          "sub_segment_code": "B1",
          "party_id": "100004708",
          "system_code": "OTP",
          "segment_code": "A",
          "event_rec_id": "ef0f5a3407974854b4f68ec58c4d2353",
          "event_timestamp": "2018-09-19 16:25:06+0800"
        },
        "doubleData": {},
        "dateData": {},
        "amountData": {},
        "tableData": {},
        "longData": {},
        "binaryData": {}
      }
    }
  },
  "footer": {
    "infos": [],
    "warnings": [],
    "errors": []
  }
}