{
  "header": {
    "uuid": "a7000f0b-2d47-40eb-a53d-e250efa0f913",
    "fromSysCode": "WEBPORT",
    "toSysCode": "STA",
    "serviceName": "OCR-NLP",
    "bankGroupCode": null,
    "ctyCode": null,
    "moduleCode": "NLP-COMM",
    "moduleFunctionCode": "AUDIT_EXCEL_DOWNLOAD",
    "userId": null,
    "command": null,
    "eventStep": null,
    "direction": null
  },
  "body": {
    "sections": {
      "SCBOcrNlpDealDataObject": {
        "eventType": null,
        "types": {
          "dealId": 3,
          "productId": 3,
          "stepId": 3,
          "clientId": 3,
          "country": 3,
          "regTimeStamp": 3,
          "systemCode": 3,
          "tdApplicationReferenceId": 3
          },
        "booleanData": {},
        "intData": {},
        "stringData": {
            "dealId": "07012019_1GK",
            "productId": "13",
            "stepId": "ISS000",
            "clientId": "8059918",
            "country": "IN",
            "regTimeStamp": "17-AUG-2018 11:46:24",
            "systemCode": "DTP",
            "tdApplicationReferenceId": "957157441516I000AB1EA6CCE66BCA9F"
          },
        "doubleData": {},
        "dateData": {},
        "amountData": {},
        "tableData": {},
        "longData": {},
        "binaryData": {}
      }
    }
  },
  "footer": {
    "infos": [],
    "warnings": [],
    "errors": []
  }
}