{
  "header": {
    "uuid": "9938c469-4302-11e8-9c60-3b0004a8ae11",
    "fromSysCode": "DTP",
    "toSysCode": "TP-WEBHOOK",
    "serviceName": "dtpBatchStatus",
    "bankGroupCode": "SCB",
    "ctyCode": "SG",
    "moduleCode": "dtpBatchStatus",
    "moduleFunctionCode": "dtpBatchStatus",
    "userId": null,
    "command": null,
    "eventStep": null,
    "direction": null
  },
  "body": {
    "sections": {
      "eventInfo": {
        "eventType": null,
        "types": {
          "producerId": 3,
          "eventType": 3,
          "eventGroup": 3
        },
        "booleanData": {},
        "intData": {},
        "stringData": {
          "producerId": "DTP",
          "eventType": "Started",
          "eventGroup": "NotifyDTPBatchStatus"
        },
        "doubleData": {},
        "dateData": {},
        "amountData": {},
        "tableData": {},
        "longData": {},
        "binaryData": {}
      },
      "txnFlat": {
        "eventType": null,
        "types": {
          "systemCode": 3,
          "countryCode": 3,
          "businessDate": 3,
          "batchStatus": 3,
          "batchTimestamp": 3
        },
        "booleanData": {},
        "intData": {},
        "stringData": {
          "systemCode": "DTP",
          "countryCode": "SG",
          "businessDate": "2018-02-27",
          "batchStatus": "Started",
          "batchTimestamp": "2018-02-27T09:50:14+08:00"
        },
        "doubleData": {},
        "dateData": {},
        "amountData": {},
        "tableData": {},
        "longData": {},
        "binaryData": {}
      }
    }
  },
  "footer": {
    "infos": [],
    "warnings": [],
    "errors": []
  }
}