{
  "documentDetails": {
    "countryCode": "SG",
    "customerId": "100004719",
	"customerName" : "STAR Intl PVT LTD"
    "updateAsofTime": "2018-05-07T07:50:14+08:00",
    "documents": [
      {
		"dealId": "TF540R0194",
		"tradeDocId": "TL2RX7HY7L-4534",
        "docNumber": "INV001",
        "docType": "INV",
        "docCurrency": "SGD",
        "docAmount": "10000",
        "docOSAmount": "10000",
        "cptyId": "100004718",
		"cptyName": "XYZ PVT LTD",
        "docIssueDate": "2018-05-01",
		"docTenor": "30",
        "docDueDate": "2018-06-01",
        "docMaturityDate": "2018-06-07",
        "finCurrency": "USD",
		"finEligibleAmt": "9000",
        "finReqAmount": "9000",
        "finReqOSAmount": "9000",
		"docStatus": "OUTSTANDING",
		"overdue" : "Y",
		"docSubmitDealRef" : "TF540R0194-00001"
	  },
	  {
	    "dealId": "TF540R0194",	
		"tradeDocId": "TL2RX7HY7L-4535",
        "docNumber": "INV002",
        "docType": "INV",
        "docCurrency": "SGD",
        "docAmount": "20000",
        "docOSAmount": "20000",
        "cptyId": "100004718",
		"cptyName": "XYZ PVT LTD",
        "docIssueDate": "2018-05-01",
		"docTenor": "30",
        "docDueDate": "2018-06-01",
        "docMaturityDate": "2018-06-07",
        "finCurrency": "USD",
		"finEligibleAmt": "18000",
        "finReqAmount": "18000",
        "finReqOSAmount": "18000",
		"docStatus": "OUTSTANDING",
		"overdue" : "N",
		"docSubmitDealRef" : "TF540R0194-00003"
	  }
    ]
  }
}
