{
  "header": {
    "uuid": "4efd6850-51cd-45d0-80f7-6ef40b680a8c",
    "moduleCode": "NLP-COMM",
    "ctyCode": "SG",
    "fromSysCode": "WEBPORT",
    "command": null,
    "bankGroupCode": "SCB",
    "userId": null,
    "serviceName": "OCR-NLP",
    "eventStep": null,
    "moduleFunctionCode": "PARAM_DATA_LIST",
    "direction": null,
    "toSysCode": "STA"
  },
  "body": {
    "sections": {
      "SCBOcrNlpParamData": {
        "amountData": {},
        "eventType": null,
        "tableData": {
          "paramDataList": {
            "headers": {
              "tbuCode": 3,
              "clientId": 3,
              "countryCode": 3,
              "paramData01": 3,
              "paramData01Desc": 3,
              "paramData02": 3,
              "paramData02Desc": 3,
              "paramData03": 3,
              "paramData03Desc": 3,
              "paramData04": 3,
              "paramData04Desc": 3,
              "paramData05": 3,
              "paramData05Desc": 3,
              "paramData06": 3,
              "paramData06Desc": 3,
              "paramData07": 3,
              "paramData07Desc": 3,
              "paramData08": 3,
              "paramData08Desc": 3,
              "paramData09": 3,
              "paramData09Desc": 3,
              "paramData10": 3,
              "paramData10Desc": 3,
              "paramData11": 3,
              "paramData11Desc": 3,
              "paramData12": 3,
              "paramData12Desc": 3,
              "paramData13": 3,
              "paramData13Desc": 3,
              "paramData14": 3,
              "paramData14Desc": 3,
              "paramData15": 3,
              "paramData15Desc": 3,
              "paramData16": 3,
              "paramData16Desc": 3,
              "paramData17": 3,
              "paramData17Desc": 3,
              "paramData18": 3,
              "paramData18Desc": 3,
              "paramData19": 3,
              "paramData19Desc": 3,
              "paramData20": 3,
              "paramData20Desc": 3
            },
            "rowData": [
              {
                "tbuCode": "*",
                "clientId": "*",
                "countryCode": "*",
                "paramData01": "DTP",
                "paramData01Desc": "End system",
                "paramData02": "",
                "paramData02Desc": "",
                "paramData03": "",
                "paramData03Desc": "",
                "paramData04": "",
                "paramData04Desc": "",
                "paramData05": "",
                "paramData05Desc": "",
                "paramData06": "",
                "paramData06Desc": "",
                "paramData07": "",
                "paramData07Desc": "",
                "paramData08": "",
                "paramData08Desc": "",
                "paramData09": "",
                "paramData09Desc": "",
                "paramData10": "",
                "paramData10Desc": "",
                "paramData11": "",
                "paramData11Desc": "",
                "paramData12": "",
                "paramData12Desc": "",
                "paramData13": "",
                "paramData13Desc": "",
                "paramData14": "",
                "paramData14Desc": "",
                "paramData15": "",
                "paramData15Desc": "",
                "paramData16": "",
                "paramData16Desc": "",
                "paramData17": "",
                "paramData17Desc": "",
                "paramData18": "",
                "paramData18Desc": "",
                "paramData19": "",
                "paramData19Desc": "",
                "paramData20": "",
                "paramData20Desc": ""
              }
            ]
          }
        },
        "dateData": {},
        "intData": {},
        "doubleData": {},
        "booleanData": {},
        "longData": {},
        "stringData": {},
        "types": {
          "paramDataList": 6
        },
        "binaryData": {}
      }
    }
  },
  "footer": {
    "warnings": [],
    "infos": [],
    "errors": []
  }
}