{
  "header": {
    "uuid": "4efd6850-51cd-45d0-80f7-6ef40b680a8c",
    "moduleCode": "NLP-COMM",
    "ctyCode": "SG",
    "fromSysCode": "WEBPORT",
    "command": null,
    "bankGroupCode": "SCB",
    "userId": null,
    "serviceName": "OCR-NLP",
    "eventStep": null,
    "moduleFunctionCode": "CODE_DATA_LIST",
    "direction": null,
    "toSysCode": "STA"
  },
  "body": {
    "sections": {
      "SCBOcrNlpCodeData": {
        "amountData": {},
        "eventType": null,
        "tableData": {
          "codeDataList": {
            "headers": {
              "codeDesc": 3,
              "codeId": 3,
              "ctyCode": 3,
              "codeValue": 3,
              "sequence": 3,
              "langCode": 3
            },
            "rowData": [
              {
                "codeDesc": "Invoice",
                "codeId": "DOCTYPE001",
                "ctyCode": "*",
                "codeValue": "INV",
                "sequence": "01",
                "langCode": "EN"
              },
              {
                "codeDesc": "Bill Of Ladding",
                "codeId": "DOCTYPE001",
                "ctyCode": "*",
                "codeValue": "BOL",
                "sequence": "02",
                "langCode": "EN"
              },
              {
                "codeDesc": "Purchase Order",
                "codeId": "DOCTYPE001",
                "ctyCode": "*",
                "codeValue": "POR",
                "sequence": "03",
                "langCode": "EN"
              }
            ]
          }
        },
        "dateData": {},
        "intData": {},
        "doubleData": {},
        "booleanData": {},
        "longData": {},
        "stringData": {},
        "types": {
          "codeDataList": 6
        },
        "binaryData": {}
      }
    }
  },
  "footer": {
    "warnings": [],
    "infos": [],
    "errors": []
  }
}