{
  "header": {
    "uuid": "f1fa3b4f-4dd3-43cd-b111-5dab106f16f4",
    "fromSysCode": "WEBPORT",
    "toSysCode": "STA",
    "serviceName": "OCR-NLP",
    "bankGroupCode": null,
    "ctyCode": null,
    "moduleCode": "NLP-COMM",
    "moduleFunctionCode": "INSERT_OTP_PAGE_SETS",
    "userId": null,
    "command": null,
    "eventStep": null,
    "direction": null
  },
  "body": {
    "sections": {
      "SCBOcrNlpDealDataObject": {
        "eventType": null,
        "types": {
          "documentsList": 6,
          "id": 3,
          "dealId": 3,
          "pageSets": 6,
          "fromRCS": 0,
          "userId": 3
        },
        "booleanData": {
          "fromRCS": true
        },
        "intData": {},
        "stringData": {
          "id": "519",
          "dealId": "23012019_002SL",
          "userId": "1584723"
        },
        "doubleData": {},
        "dateData": {},
        "amountData": {},
        "tableData": {
          "documentsList": {
            "headers": {
              "filenetDocumentId": 3,
              "id": 3,
              "documentPagesList": 6
            },
            "rowData": [
              {
                "filenetDocumentId": "{6B85CA4D-CCD6-49FD-B670-119F5B448928}",
                "id": "513",
                "documentPagesList": {
                  "headers": {
                    "id": 3,
                    "pageSet": 3
                  },
                  "rowData": [
                    {
                      "id": "1",
                      "pageSet": "1"
                    },
                    {
                      "id": "2",
                      "pageSet": "1"
                    },
                    {
                      "id": "3",
                      "pageSet": "1"
                    },
                    {
                      "id": "4",
                      "pageSet": "1"
                    },
                    {
                      "id": "5",
                      "pageSet": "1"
                    }
                  ]
                }
              }
            ]
          },
          "pageSets": {
            "headers": {
              "setIds": 3,
              "setDetailList": 6
            },
            "rowData": [
              {
                "setIds": "1",
                "setDetailList": {
                  "headers": {
                    "setNo": 3,
                    "dealInvoicePageNo": 3,
                    "dealInvoiceNo": 3
                  },
                  "rowData": [
                    {
                      "setNo": "1",
                      "dealInvoicePageNo": "3",
                      "dealInvoiceNo": ""
                    }
                  ]
                }
              }
            ]
          }
        },
        "longData": {},
        "binaryData": {}
      }
    }
  },
  "footer": {
    "infos": [],
    "warnings": [],
    "errors": []
  }
}