{
  "header": {
    "uuid": "4fd0ef38-18dd-4090-89e6-620974d93d80",
    "fromSysCode": "WEBPORT",
    "toSysCode": "STA",
    "serviceName": "OCR-NLP",
    "bankGroupCode": null,
    "ctyCode": null,
    "moduleCode": "NLP-COMM",
    "moduleFunctionCode": "INSERT_OTP_PAGE_SETS",
    "userId": null,
    "command": null,
    "eventStep": null,
    "direction": null
  },
  "body": {
    "sections": {
      "SCBOcrNlpDealDataObject": {
        "eventType": null,
        "types": {
          "dealId": 3,
          "id": 3
        },
        "booleanData": {},
        "intData": {},
        "stringData": {
          "dealId": "2308201810-001_S",
          "id": "2425"
        },
        "doubleData": {},
        "dateData": {},
        "amountData": {},
        "tableData": {
          "pageSets": {}
        },
        "longData": {},
        "binaryData": {}
      }
    }
  },
  "footer": {
    "infos": [],
    "warnings": [],
    "errors": []
  }
}