{
  "header": {
    "uuid": "eb84d6ae-a444-43aa-8922-79a75833c91a",
    "fromSysCode": "WEBPORT",
    "toSysCode": "STA",
    "serviceName": "OCR-NLP",
    "bankGroupCode": "SCB",
    "ctyCode": "SG",
    "moduleCode": "NLP-WEX",
    "moduleFunctionCode": "GET_WEX_PENDING_DICTIONARY",
    "userId": null,
    "command": null,
    "eventStep": null,
    "direction": null
  },
  "body": {
    "sections": {
      "SCBOcrNlpWEXDictionaryEntries": {
        "eventType": null,
        "types": {
          "pendingDictionaryEntriesList": 6
        },
        "booleanData": {},
        "intData": {},
        "stringData": {},
        "doubleData": {},
        "dateData": {},
        "amountData": {},
        "tableData": {
          "pendingDictionaryEntriesList": {
            "headers": {
              "type": 3,
              "value": 3,
              "status": 3
            },
            "rowData": [
              {
                "type": "PORT",
                "value": "Chennai, India",
                "status": "PENDING"
              },
              {
                "type": "COMPANY",
                "value": "STANDARD CHARTERED BANK NEPAL LTD,",
                "status": "PENDING"
              },
              {
                "type": "BANK",
                "value": "STANDARD CHARTERED BANK",
                "status": "PENDING"
              }
            ]
          }
        },
        "longData": {},
        "binaryData": {}
      }
    }
  },
  "footer": {
    "infos": [],
    "warnings": [],
    "errors": []
  }
}