{
  "header" : {
    "uuid" : "f3fc9770-b9c6-4633-871b-0cea26b74e3f",
    "fromSysCode" : "WEBPORT",
    "toSysCode" : "STA",
    "serviceName" : "OCR-NLP",
    "bankGroupCode" : "SCB",
    "ctyCode" : "SG",
    "moduleCode" : "NLP-FORWARD",
    "moduleFunctionCode" : "READ_LAYOUT",
    "userId" : null,
    "command" : null,
    "eventStep" : null,
    "direction" : null
  },
  "body" : {
    "sections" : {
      "SCBOcrNlpDatacapScan" : {
        "eventType" : null,
        "types" : {
          "datacapScanId" : 3
        },
        "booleanData" : { },
        "intData" : { },
        "stringData" : {
          "datacapScanId" : "5722"
        },
        "doubleData" : { },
        "dateData" : { },
        "amountData" : { },
        "tableData" : { },
        "longData" : { },
        "binaryData" : { }
      }
    }
  },
  "footer" : {
    "infos" : [ ],
    "warnings" : [ ],
    "errors" : [ ]
  }
}