{
  "header": {
    "uuid": "a7000f0b-2d47-40eb-a53d-e250efa0f913",
    "fromSysCode": "WEBPORT",
    "toSysCode": "STA",
    "serviceName": "OCR-NLP",
    "bankGroupCode": null,
    "ctyCode": null,
    "moduleCode": "NLP-FORWARD",
    "moduleFunctionCode": "READ_LAYOUT",
    "userId": null,
    "command": null,
    "eventStep": null,
    "direction": null
  },
  "body": {
    "sections": {
      "SCBOcrNlpDatacapScan": {
        "eventType": null,
        "types": {
          "datacapScanId": 3
        },
        "booleanData": {},
        "intData": {},
        "stringData": {
          "datacapScanId": "1675"
        },
        "doubleData": {},
        "dateData": {},
        "amountData": {},
        "tableData": {},
        "longData": {},
        "binaryData": {}
      }
    }
  },
  "footer": {
    "infos": [],
    "warnings": [],
    "errors": []
  }
}