{
  "header": {
    "uuid": "7dfb80eb-2e8a-481c-89d8-6ec59c60a310",
    "fromSysCode": "WEBPORT",
    "toSysCode": "STA",
    "serviceName": "OCR-NLP",
    "bankGroupCode": null,
    "ctyCode": null,
    "moduleCode": "NLP-COMM",
    "moduleFunctionCode": "SAVE_DATA_ENTRY_FIELDS",
    "userId": null,
    "command": null,
    "eventStep": null,
    "direction": null
  },
  "body": {
    "sections": {
      "SCBOcrNlpDataEntryFields": {
        "eventType": null,
        "types": {
          "dealId": 3,
          "country": 3,
          "stepId": 3,
          "clientId": 3,
          "regTimeStamp": 3,
          "productId": 3,
          "systemCode": 3,
          "id": 3,
          "userId": 3,
          "tdAppRefId": 3,
          "dataEntryFieldsList": 6
        },
        "booleanData": {},
        "intData": {},
        "stringData": {
          "dealId": "04022019001_SL",
          "country": "IN",
          "stepId": "ISS000",
          "clientId": "8059918",
          "regTimeStamp": "17-AUG-2018 11:46:24",
          "productId": "13",
          "systemCode": "DTP",
          "id": "575",
          "userId": "1584723",
          "tdAppRefId": "957157441516I000AB1EA6CCE66BCA9F"
        },
        "doubleData": {},
        "dateData": {},
        "amountData": {},
        "tableData": {
          "dataEntryFieldsList": {
            "headers": {
              "name": 3,
              "id": 3,
              "code": 3,
              "pageNumber": 3,
              "confidence": 3,
              "pageId": 3,
              "feedback": 0,
              "approved": 0,
              "isModified": 3,
              "docClsType": 3,
              "y1": 1,
              "x1": 1,
              "y2": 1,
              "x2": 1,
              "documentId": 3,
              "value": 3,
              "prioritySeq": 1
            },
            "rowData": [
              {
                "name": "Customer Reference",
                "id": "DE_1",
                "code": "53400550",
                "pageNumber": "2",
                "confidence": "medium",
                "pageId": "2300",
                "feedback": true,
                "approved": false,
                "isModified": "2",
                "docClsType": "CRL",
                "y1": 432,
                "x1": 1437,
                "y2": 452,
                "x2": 1549,
                "documentId": "569",
                "value": "5345000\\",
                "prioritySeq": 0
              },
              {
                "name": "Customer Reference",
                "id": "DE_1",
                "code": "53400550",
                "pageNumber": "2",
                "confidence": "medium",
                "pageId": "2300",
                "feedback": true,
                "approved": false,
                "isModified": "2",
                "docClsType": "CRL",
                "y1": 432,
                "x1": 1437,
                "y2": 452,
                "x2": 1549,
                "documentId": "569",
                "value": "5345000\\",
                "prioritySeq": 0
              }
            ]
          }
        },
        "longData": {},
        "binaryData": {}
      }
    }
  },
  "footer": {
    "infos": [],
    "warnings": [],
    "errors": []
  }
}