{
  "dealId": "",
  "feedbackScanStartTime":"",
  "feedbackScanEndTime":"",
  "createTemplateStartTime":"",
  "createTemplateEndTime":"",
  "feedbackExportStartTime":"",
  "feedbackExportEndTime":"",
  "templateFeedbackProcessedDataList": [{
    "templateReqId": "",
    "matchingTemplateIdsList": [{ "templateId":773629}, {"templateId":45345} ]
  }, {
    "templateReqId": "",
    "matchingTemplateIdsList": [{ "templateId":773629}, {"templateId":45345} ]
  }, {
    "templateReqId": "",
    "matchingTemplateIdsList": [{ "templateId":773629}, {"templateId":45345} ]
  }]
}