{
  "header": {
    "uuid": "1c3a9d9b-6324-4bcc-820f-5f3e937c9be7",
    "fromSysCode": "WEBPORT",
    "toSysCode": "STA",
    "serviceName": "OCR-NLP",
    "bankGroupCode": null,
    "ctyCode": null,
    "moduleCode": "NLP-COMM",
    "moduleFunctionCode": "UPDATE_DOCUMENT_PAGE",
    "userId": null,
    "command": null,
    "eventStep": null,
    "direction": null
  },
  "body": {
    "sections": {
      "SCBOcrNlpDealDataObject": {
        "eventType": null,
        "types": {
          "country": 3,
          "dealId": 3,
          "stepId": 3,
          "regTimeStamp": 3,
          "id": 3,
          "clientId": 3,
          "productId": 3,
          "systemCode": 3,
          "displayScreen": 3,
          "documentsList": 6,
          "pageIdleTime": 1,
          "userId": 3
        },
        "booleanData": {},
        "intData": {
          "pageIdleTime": 0
        },
        "stringData": {
          "country": "IN",
          "dealId": "04022019_2GK",
          "stepId": "NEW",
          "regTimeStamp": "17-AUG-2018 11:46:24",
          "id": "6897",
          "clientId": "8059918",
          "productId": "13",
          "systemCode": "DTP",
          "displayScreen": "ReviewCls",
          "userId": "1584723"
        },
        "doubleData": {},
        "dateData": {},
        "amountData": {},
        "tableData": {
          "documentsList": {
            "headers": {
              "filenetDocumentId": 3,
              "documentPagesList": 6,
              "id": 3
            },
            "rowData": [
              {
                "filenetDocumentId": "{8F58F87D-F6CA-4C66-AE71-A7555C15790E}",
                "documentPagesList": {
                  "headers": {
                    "duplicateOf": 3,
                    "dealClsTp": 3,
                    "id": 3,
                    "duplicate": 0,
                    "deReRun": 3
                  },
                  "rowData": [
                    {
                      "duplicateOf": "",
                      "dealClsTp": "INV",
                      "id": "3",
                      "duplicate": false,
                      "deReRun": "Y"
                    }
                  ]
                },
                "id": "6886"
              }
            ]
          }
        },
        "longData": {},
        "binaryData": {}
      }
    }
  },
  "footer": {
    "infos": [],
    "warnings": [],
    "errors": []
  }
}