{
  "header": {
    "uuid": "76726ff7-912c-42c0-8d9d-ad8730fc4e96",
    "fromSysCode": "WEBPORT",
    "toSysCode": "STA",
    "serviceName": "OCR-NLP",
    "bankGroupCode": null,
    "ctyCode": null,
    "moduleCode": "NLP-COMM",
    "moduleFunctionCode": "UPDATE_GET_DEAL",
    "userId": null,
    "command": null,
    "eventStep": null,
    "direction": null
  },
  "body": {
    "sections": {
      "SCBOcrNlpUpDateGetDeal": {
        "eventType": null,
        "types": {
          "dealId": 3,
          "country": 3,
          "stepId": 3,
          "clientId": 3,
          "regTimeStamp": 3,
          "productId": 3,
          "systemCode": 3,
          "screenName": 3
        },
        "booleanData": {},
        "intData": {},
        "stringData": {
          "dealId": "02072019_008UR",
          "country": "IN",
          "stepId": "ISS000",
          "clientId": "8059918",
          "regTimeStamp": "17-AUG-2018 11:46:24",
          "productId": "13",
          "systemCode": "DTP",
          "screenName": "mainScreen"
        },
        "doubleData": {},
        "dateData": {},
        "amountData": {},
        "tableData": {},
        "longData": {},
        "binaryData": {}
      }
    }
  },
  "footer": {
    "infos": [],
    "warnings": [],
    "errors": []
  }
}