<?xml version="1.0" encoding="utf-8"?>
<Configuration>
  <Properties>
 	<Property name="ENV">${sys:spring.profiles.active}</Property>
    <Property name="LOG_PATH">/data/log/${sys:spring.profiles.active}</Property>
    <Property name="LOG_FILE">tp-nlp-api</Property>
  </Properties> 
  
    <Appenders>
        <RollingFile name="FILE" fileName="${LOG_PATH}/${LOG_FILE}/${LOG_FILE}.log" 
                 filePattern="${LOG_PATH}/${LOG_FILE}/archived/${LOG_FILE}.%d{yyyy-MM-dd}.%i.log.gz">
            <LogStashJSONLayout/>
 	        <SizeBasedTriggeringPolicy size="100 MB" /> 
            <DefaultRolloverStrategy max="30"/>
        </RollingFile>
        <RollingFile name="LOGGER" fileName="${LOG_PATH}/${LOG_FILE}/${LOG_FILE}-payload.log" 
                 filePattern="${LOG_PATH}/${LOG_FILE}/archived/${LOG_FILE}.%d{yyyy-MM-dd}-payload.%i.log.gz">
             <LogStashJSONLayout/>
 	        <SizeBasedTriggeringPolicy size="100 MB" /> 
            <DefaultRolloverStrategy max="30"/>
        </RollingFile>        
         <RollingFile name="FILE-ERROR" fileName="${LOG_PATH}/${LOG_FILE}/${LOG_FILE}-error.log" 
                 filePattern="${LOG_PATH}/${LOG_FILE}/archived/${LOG_FILE}.%d{yyyy-MM-dd}-error.%i.log.gz">
            <LogStashJSONLayout/>
 	        <SizeBasedTriggeringPolicy size="100 MB" /> 
            <DefaultRolloverStrategy max="30"/>
        </RollingFile> 
        <Console name="STDOUT" target="SYSTEM_OUT">
     		<PatternLayout pattern="%d [%t] %-5p %c - %m%n" />
   		</Console>
    </Appenders>
    
    
    <Loggers>
        <!-- CXF is used heavily by Mule for web services -->
        <AsyncLogger name="org.apache.cxf" level="WARN"/>

        <!-- Apache Commons tend to make a lot of noise which can clutter the log-->
        <AsyncLogger name="org.apache" level="WARN"/>

        <!-- Reduce startup noise -->
        <AsyncLogger name="org.springframework.beans.factory" level="WARN"/>

        <!-- Mule classes -->
        <AsyncLogger name="org.mule" level="INFO"/>
        <AsyncLogger name="com.mulesoft" level="INFO"/>

        <AsyncLogger name="com.scb" level="INFO"/>
        
        <!-- HTTP logger -->
        <AsyncLogger name="org.mule.module.http.internal.HttpMessageLogger" level="INFO" />
		<AsyncLogger name="com.ning.http" level="INFO" />

        <!-- Reduce DM verbosity -->
        <AsyncLogger name="org.jetel" level="WARN"/>
        <AsyncLogger name="Tracking" level="WARN"/>
        
        <AsyncLogger name="com.netflix.discovery.shared.resolver.aws.ConfigClusterResolver" level="OFF"/>
        
        <AsyncLogger name="payload.logger" level="INFO" additivity="false">
            <AppenderRef ref="LOGGER" level="INFO"/>
             <AppenderRef ref="STDOUT" />
        </AsyncLogger>
        
        <AsyncRoot level="ALL" additivity="false">
            <AppenderRef ref="FILE" level="INFO"/>
            <AppenderRef ref="FILE-ERROR" level="ERROR"/>
            <AppenderRef ref="STDOUT" level="INFO"/>
        </AsyncRoot>
    </Loggers>
</Configuration>